gene,dux_0h,dux_12h,dux_24h,dux_36h,dux_48h,dux_72h
A330093E20Rik,0.314754523,0.648065539,0.955435986,0.473674932,0.356636472,0.054447137
A430089I19Rik,0.054447137,1.514891164,2.223957579,0.990153756,0.537296653,0.303658278
A430090L17Rik,0.244702526,1.185039926,1.41565981,1.142312848,0.390624449,0.447892009
A530032D15Rik,0.184590569,2.653641181,6.177177703,3.824024054,1.897898589,0.933887228
A530040E14Rik,0.286506484,40.86804286,160.2234333,108.2522077,32.45119312,9.36400513
A530076I17Rik,0.054447137,0.892483469,1.153941206,0.601669242,0.480896509,0.302317863
A730018C14Rik,0.054447137,0.280370557,1.005470808,0.870092752,0.386024608,0.136622848
A830082N09Rik,0.856967202,1.779566933,2.658429355,2.457939001,1.058509823,0.722623248
A930014E10Rik,0.054447137,0.56297893,0.808473659,0.443065057,0.268756396,0.21739455
AA414992,0.054447137,0.111835211,1.949178562,0.741873429,0.325067069,0.136622848
AA623943,0.107269741,8.929639686,12.01595399,6.817376204,3.681962249,2.369379265
AA684185,0.054447137,3.228717942,17.42636754,9.197339514,2.933103715,1.1048807
AA792892,0.054447137,35.51790068,87.09454667,33.75512502,17.17309276,6.766194762
AC123873.1,0.082660838,8.530049724,10.62939305,3.980171716,2.477446934,0.994814466
AC123873.2,0.054447137,0.351737593,0.725237885,0.435015461,0.176285695,0.13794059
AC124606.2,0.054447137,0.409151643,0.77988485,0.637068585,0.598099294,0.054447137
AC125149.1,0.082660838,1.224839554,6.377944741,4.506747374,1.380843333,0.248429761
AC125149.3,0.054447137,0.591645712,3.212307872,2.423010749,0.907457039,0.194583541
AC125149.4,0.054447137,0.774128815,3.40319285,2.415644681,1.06068439,0.329246561
AC125149.5,0.054447137,5.229115079,27.15798124,17.33057126,9.055873745,3.789084161
AC125178.1,0.054447137,0.78492094,1.754973338,0.978457171,0.449335907,0.24701455
AC125178.2,0.054447137,2.410575115,2.615466418,0.893324729,0.539426907,0.27260361
AC125178.3,0.054447137,1.565589285,2.818643237,1.300404136,0.600509285,0.496324254
AC132444.1,0.054447137,2.998804624,17.86342647,9.911652232,3.796364751,1.080841304
AC132444.2,0.054447137,0.541605407,2.562033281,1.409337344,0.577813,0.193219693
AC132444.3,0.054447137,0.158176824,1.109486315,0.50473963,0.239425637,0.081369622
AC133095.1,0.054447137,2.650380726,3.038827206,1.277456674,0.63206228,0.357563821
AC133095.2,0.191881123,5.957270714,12.42011018,4.857511378,2.491428733,1.956233387
AC133103.1,0.082660838,3.197170964,9.274723918,4.227011377,1.685107393,1.221313927
AC133103.4,0.054447137,0.796007104,3.711458859,1.906045438,0.458354131,0.221546161
AC133103.5,0.135452944,8.882908053,53.01657137,32.86551181,12.98963706,6.120462685
AC133103.6,0.054447137,0.348022537,1.140682279,0.870092752,0.264173208,0.109660228
AC139347.1,0.448600199,11.87579138,13.89700122,5.483999686,1.464242711,1.02305793
AC140325.2,0.07905604,3.54501593,6.002465515,2.3334548,1.459938497,0.715803062
AC140325.3,0.054447137,0.891796236,0.944541319,0.40380893,0.392931112,0.300920093
AC140325.4,0.07905604,5.296300265,7.520140757,3.567817782,1.807551074,1.126589096
AC140365.1,0.054447137,10.30485741,13.79468563,5.150446634,2.493570081,1.634211652
AC163611.1,0.054447137,1.149904973,1.719232576,0.679510274,0.349824038,0.193219693
AC164084.1,0.110844041,21.04886975,51.93956695,22.18196202,10.7417038,4.374056244
AC165294.2,0.103638586,1.748139505,3.916892547,1.560012164,0.897955844,0.550144261
AC168977.1,0.807270871,52.57557839,282.5473847,163.065966,58.95330459,23.5937334
AF067061,0.128193666,11.13702077,59.230637,29.92318148,13.20781811,4.002011597
AF067063,0.054447137,4.390183874,24.89237155,12.49261089,3.554769379,1.2128111
AI838599,0.88483744,1.955414434,2.311790034,2.17400313,1.042172488,1.10655579
AU015228,0.156407366,4.867851969,46.11224426,28.15802823,6.493413375,2.446641261
AU019990,0.054447137,6.918214079,8.984436902,3.637885554,1.633592481,0.803501044
AW822073,0.103638586,0.154496718,0.728088668,0.644174047,0.264173208,0.218698067
AY512931,0.726749352,0.913828563,1.30690318,1.067140727,0.699701728,0.19178681
Abca13,0.701809472,2.327962675,3.289864289,1.825555819,1.365068368,0.810383908
Abca17,0.054447137,0.631345819,0.695562779,0.256365559,0.356636472,0.16490321
Abcb5,0.163633084,23.1122092,57.43791252,19.80487783,9.468517653,4.208486346
Abhd3,3.975200477,6.674864509,8.323548327,4.656164903,2.583311958,2.234729414
Abhd6,15.14782617,22.10949783,51.78650336,31.95507589,22.725697,16.24951142
Abitram,4.444528233,9.437215257,13.12147121,12.80420552,7.701939936,5.5342745
Acbd7,3.330875084,3.410903483,3.603038701,2.050192907,1.626260722,1.091469705
Acss3,0.515045251,0.956396424,1.513188188,0.869528019,0.841589873,0.248429761
Acvr2a,7.707836323,13.73121643,16.02921402,14.58249384,12.13239198,12.39675483
Adamts19,2.817301657,17.10099856,18.42694405,11.97325949,6.033026351,3.526183436
Adap2,0.695394878,1.490712953,2.401963367,1.74046135,0.668110371,1.156483993
Adcy2,0.423986901,4.57264935,8.757187016,5.545892199,2.858868067,3.133687269
Adgrl3,0.423986901,1.289780505,1.502560119,1.48263532,0.733492038,0.492291162
Adh7,0.205641775,3.320119273,8.6514199,5.126992934,2.358170328,1.262577375
Adora2b,1.190519639,2.850395055,4.352779479,3.641608924,2.413681089,1.049854562
Alyref2,0.490481166,0.963637981,2.914797391,1.614337003,1.021982855,0.330635123
Amd2,12.43114193,24.57301744,25.23035711,15.54344001,11.78120358,6.338350881
Amigo3,0.420329547,1.485980277,1.61706468,1.42513017,0.478587242,0.85037002
Ankrd22,0.054447137,5.368220914,10.62709553,3.9524477,2.770923678,0.875799056
Ankrd9,14.13462679,17.15296687,17.62013208,13.22320827,10.11933047,7.310667408
Antxr1,1.549151998,13.88761169,31.21010601,17.07507866,8.309298066,5.238256052
Apol7b,0.20922845,12.44106999,22.49699179,8.173688789,3.963716679,1.657326195
Aqr,247.7878561,373.0069161,514.5803789,278.7843075,218.7702383,205.5482148
Areg,0.23740859,0.695263511,1.61706468,0.990153756,0.32731315,0.13794059
Arg2,0.589679223,13.27003396,29.99302666,12.85718183,6.962837943,3.407570069
Arhgef26,0.811114255,64.37821986,135.8826016,44.57126292,21.62726999,8.817252087
Arid5a,2.091604631,5.840170032,8.005622832,6.780797837,3.373084342,1.759669867
Arl15,28.14753992,77.20479843,97.67878204,62.75507362,55.47352967,45.07738184
Arl4d,27.22843078,73.78144778,117.9556045,61.83075159,33.95663578,18.94317258
Armcx5,8.062753835,12.62025881,12.82495522,8.32340968,4.707682363,4.37139486
Armh2,0.110844041,0.344364212,0.587786437,0.174688069,0.054447137,0.082737743
Arrdc3,11.15749576,30.99848332,33.35929702,15.3517693,11.0181525,5.963534858
Arsk,3.316775779,23.5383191,35.27869642,19.76777377,14.07491066,9.988843915
Ate1,39.92490128,71.98242826,89.61191175,70.50057711,59.07450696,43.5054949
Atf2,47.22450529,140.3687501,223.1056537,140.2339048,88.61471657,66.14313376
Atp4a,2.746753831,1.740861688,2.838470464,2.360430338,1.419259235,0.99594538
Atp6v1e1,64.9171192,109.2678637,163.4881132,108.2113503,90.08618182,67.55602216
Atpsckmt,2.229652328,10.98243388,22.08350105,13.01224835,7.180562201,5.326022673
Aunip,28.45284047,24.97903011,29.08739852,26.93195969,19.82644371,13.35775946
B020004J07Rik,0.07905604,2.510951689,18.87231655,7.882725478,4.240457422,1.657326195
B020017C02Rik,0.779044494,0.984960743,2.759905006,1.234693399,0.918617629,0.438374856
B020031M17Rik,0.184590569,31.22052117,160.7876153,80.33740744,34.11222456,12.74021495
B230317F23Rik,0.131852286,0.441526494,0.947267544,0.446370382,0.300362998,0.081369622
B3gntl1,7.326949897,19.62177526,25.13335355,20.09130529,12.93097956,8.825136614
BB287469,0.20192944,45.59794828,147.5566478,84.810309,38.62500838,15.93294834
BB557941,0.304620492,4.313841909,6.216273181,2.838252849,2.2784509,0.578328728
BC037704,1.881033945,4.647411393,6.635683034,6.41318344,3.22665351,2.155636215
BC061212,0.135452944,2.642516482,3.907979003,1.820995831,0.995347829,0.608066678
BC080695,0.103638586,7.887685139,16.87698061,8.113129165,4.027061819,1.716461258
BC080696,0.103638586,2.241683362,5.44337922,2.694814923,1.464242711,0.79512278
BC147527,0.103638586,15.43784698,101.4041795,57.78065458,22.57469546,8.037060412
Bcl6,0.708897726,2.596692978,4.497236968,3.396861182,1.710356768,1.029663616
Bex6,0.082660838,2.603280308,13.67411078,8.999627713,3.203489101,1.226380177
Bglap3,5.768712039,3.000134213,8.640817046,6.251734902,3.96159162,3.650956488
Bicc1,4.168965184,8.739218332,13.58517903,12.90655494,8.483353165,7.093917301
Bola1,13.09835785,102.8659448,155.4175426,93.90230853,47.77469139,20.01970798
Brd3os,1.426258852,3.043648137,4.008748278,2.573850839,1.179824985,0.967701916
C130026I21Rik,0.082660838,3.934803113,12.7154183,7.17069168,2.90993578,0.993368292
C130073F10Rik,1.120017028,1.625881229,2.76830811,1.668773613,0.936601347,0.494932724
C1d,23.18989706,42.67389275,92.27075681,50.11600874,35.42022301,24.4625441
C1galt1c1,1.838171909,5.343571811,5.625697941,4.487640135,3.427036775,1.871766865
C2cd2,7.278467015,11.92155713,18.29264346,16.81892565,10.9784813,7.075071457
C2cd2l,8.344306263,10.85025836,20.36520818,19.24066219,11.41605973,8.434526658
C2cd4b,1.21169433,0.792519345,3.022613891,1.938365373,1.452987388,1.024029022
C330011M18Rik,0.156407366,0.512938625,1.056335594,0.702212229,0.293496529,0.162127098
CAAA01098150.1,0.054447137,2.080509581,11.32782014,6.040523895,2.337412679,0.93654421
CN725425,2.081053487,5.051313134,6.659331624,4.793611232,3.339194401,2.396287161
CT868723.1,0.103638586,1.007171482,2.454411905,1.487071904,0.546234207,0.385772545
Cab39,136.7136655,251.689423,367.9921748,206.0911331,139.8271574,98.94171614
Cacna1s,0.701809472,25.01610691,44.68384283,27.17040732,10.81097332,7.116425795
Cacng8,2.848538435,5.288860249,6.674603806,5.097747565,3.749334709,2.965724262
Calhm3,0.297388226,27.78198886,93.82224495,56.02395737,19.57262627,9.687895677
Cand1,209.4072723,346.8211647,548.1311771,310.4248318,212.9012594,197.7986689
Card11,0.265656629,6.503213705,7.295594458,2.849871767,1.108316962,0.416753633
Casr,0.082660838,0.286972197,0.753826694,0.597843815,0.62287564,0.298172792
Cbr4,9.008369017,15.16429021,16.84254985,12.43603807,7.896424873,5.999689497
Ccdc60,4.446532223,13.42075755,17.40517051,9.332614899,4.958326863,2.825438593
Ccdc71l,4.327155615,11.34598941,13.16861814,12.48340326,7.580912261,4.926112524
Ccdc74a,2.711803489,2.539476772,2.806967601,2.539500275,1.209283776,1.024029022
Ccdc83,0.107269741,2.295009928,5.6224132,1.798001474,1.182420732,0.418134098
Ccdc89,0.16003549,0.827758494,0.999270937,0.741034802,0.232582182,0.302317863
Ccnb3,0.152831546,0.133206271,1.087224151,0.539850036,0.239425637,0.248429761
Ccne2,10.94555099,12.69167992,14.28344123,8.757792512,7.316733019,3.707397296
Ccser1,0.789375379,29.3649277,40.28212614,15.65957666,8.966692964,4.517993525
Cd163,0.128193666,5.142608739,6.403814035,2.631179278,1.344710089,0.714302259
Cd200r1,0.054447137,2.471279961,5.37820635,2.181772075,0.826184773,0.659206595
Cdkl5,18.80788773,25.23947803,26.3353449,23.26361057,13.11646553,11.24807385
Cdkn2aip,10.06750737,16.45906448,19.09400889,14.49103485,10.17618649,7.152536886
Cdr2,16.21196785,23.38521909,28.58141713,22.43838607,13.44059443,8.364811511
Ceacam19,0.265656629,0.512938625,0.560629278,0.209834414,0.054447137,0.108332241
Cebpa,0.782855947,3.855343979,9.788941277,8.13418415,3.189293692,0.880001611
Cep57l1,11.39575426,42.66670112,84.1683591,39.38401283,29.32260461,17.39368555
Cfap97,11.03147995,18.74314895,18.82593232,12.35979304,10.03090425,7.098208896
Cfh,0.191881123,1.403972013,2.305594068,1.11387926,0.602631932,0.582468672
Chac1,2.100436858,15.23115129,22.9835744,13.32787725,3.85498836,1.463407765
Chit1,1.638291035,42.43841929,129.0710986,50.04446558,34.0993144,16.29620104
Chpf2,1.437015386,4.280042116,4.657679177,4.405845805,2.055317408,1.46475409
Chrm3,0.054447137,6.168185286,17.86130325,6.978923522,3.378715404,1.413577196
Chst2,0.367585628,1.415637954,1.639106869,1.29328704,0.358919752,0.438374856
Chst3,1.616737602,4.475188957,4.687768255,3.353733785,2.315304251,2.374172089
Ciita,0.103638586,3.043992806,5.931220913,3.284887268,1.594920305,1.140486097
Clec10a,0.131852286,2.825596008,9.266007398,4.558026988,1.678065932,1.045621862
Clp1,27.25616127,64.8165001,74.51712387,37.51229043,24.45992097,12.57425135
Cnga3,3.497171603,4.89409442,9.170576794,6.52443894,3.070773202,3.780843205
Cntnap3,0.554264166,9.475570128,16.72807601,11.20201016,5.293091222,4.605049288
Colgalt2,0.20192944,29.98310684,78.90408415,31.03820684,14.29171879,7.781660167
Coq10b,13.9955572,16.11525221,17.95324201,16.24781024,12.53430789,6.931360629
Cpb2,0.054447137,4.245928768,7.967231527,2.344798221,1.272739296,0.634925195
Cpxcr1,0.054447137,0.691609836,0.886149486,0.197934939,0.144694669,0.108332241
Cracr2a,1.701720965,6.732644971,15.67823649,9.855069445,5.192792163,2.990264735
Crxos,0.797070732,0.462854066,1.275763223,0.489567862,0.419947771,0.163506448
Csnk2a3,25.98199069,37.69822028,54.35629106,33.47732356,29.05805553,23.66569438
Csrnp1,9.232015477,19.9252495,54.55892705,29.05590856,18.66865174,12.27131009
Csrnp2,12.39006874,17.10556916,30.1817831,25.74084153,13.21476166,10.58486829
Csrnp3,5.739839407,30.43533722,71.24630886,33.44389242,19.53119099,10.32130975
Ctf2,0.163633084,11.76035687,14.75421729,5.676730138,2.549342322,1.406405363
Cwc22,39.04506726,310.3011084,689.0850317,344.1753585,187.8515374,109.5809632
Cyb5d2,0.716120601,2.266719805,2.341609948,1.689056251,1.207085371,0.660523687
Cyp2b19,0.054447137,0.286972197,0.646433041,0.36127635,0.207856235,0.166257073
Cypt3,0.402992526,0.763719842,3.135220954,1.661717855,0.780866773,0.166257073
D13Ertd608e,0.163633084,13.16583958,69.92916513,38.45986558,14.69252423,5.311217134
D1Pas1,5.466055417,21.63467008,26.4289995,18.0180561,14.61632941,9.461549217
D5Ertd577e,0.054447137,0.136840827,0.781198206,0.190569225,0.083786472,0.082737743
Dbr1,17.31631638,49.93186565,63.28728884,43.56289938,29.39265281,19.59679519
Dcbld1,22.96715236,59.58598978,77.95202753,43.36379168,31.01182175,28.04834731
Dcc,0.07905604,10.96614778,23.3569742,9.254074549,5.724846346,1.82741282
Dcdc5,0.054447137,4.836664531,6.750006574,2.538590373,1.926436233,0.62693907
Ddit4,394.1249163,552.5385882,578.572869,236.9603992,143.3324912,88.0463729
Ddit4l,7.570487628,83.35109629,154.3070533,69.09803916,43.17868211,20.90426405
Ddr2,0.275668842,8.59818444,29.26016576,12.72772155,5.838213921,2.131209329
Defb13,0.07905604,1.278597113,2.472711114,1.192249199,0.63206228,0.24701455
Defb25,0.082660838,0.662943054,3.710647259,1.63467105,1.066914455,0.44247471
Dennd4c,49.45443746,98.76393889,172.6819293,104.1767054,62.85935146,59.32219547
Depdc7,13.00082506,17.80924494,18.94704886,12.38975289,10.28134419,7.211974039
Dhh,0.790044348,1.615167824,2.281588578,1.898485769,1.452987388,0.660523687
Dhtkd1,61.0538502,130.59658,245.4883046,168.5565314,116.198619,110.2907307
Dlgap2,0.325658879,2.019787866,4.847958624,3.090293891,1.742506196,1.1048807
Dnajb1,51.09350234,51.03513858,56.90573561,34.3714456,28.807551,23.28014392
Dnajb14,5.92389076,19.29737933,49.82735325,27.33439531,18.98192171,16.28067625
Dnajb3,0.269257606,2.195020283,4.261670359,2.868803419,1.107657426,0.639057992
Dnajb9,7.647591935,14.94261986,27.7880772,20.72473595,15.23136368,13.43273005
Dock9,27.01750181,63.52060875,120.3022233,66.51741496,37.42934195,30.16956899
Dok3,1.968386665,1.96153061,4.050884559,2.802373806,2.100490108,1.436746393
Dppa2,13.58554321,74.9923154,80.17351713,33.17445556,28.26777806,20.32337915
Dppa3,7.520059345,10.09703593,26.23369329,19.12581224,9.805230974,2.756689794
Drd3,0.054447137,0.845365232,3.671898542,1.602626259,0.652019947,0.472022199
Drr1,0.054447137,1.138804948,1.75361143,0.528049579,0.273447576,0.081369622
Duox2,0.297388226,2.992575666,8.82234321,3.595264168,1.908705276,0.987977906
Duoxa2,0.054447137,0.548913251,1.136779658,0.943050365,0.268756396,0.19178681
Dusp1,19.23284239,40.00134269,40.08744322,32.17070051,21.90424563,21.3762477
Dusp5,3.984860349,10.79983175,11.3418377,11.21902916,8.773161363,7.995488571
Duxbl3,0.107269741,0.824148978,0.865538316,0.473674932,0.32731315,0.220103293
E530011L22Rik,0.135452944,0.501725229,0.782568477,0.683463847,0.237186993,0.248429761
Echdc3,1.356961473,6.818095392,26.74313708,14.48607006,8.106131884,4.237160504
Ecm2,0.659703154,2.666890697,6.9384397,2.542547056,0.99724299,0.93654421
Eepd1,4.425552515,3.723690653,4.518640893,4.301820717,1.787149342,1.522622781
Ehhadh,2.225940404,3.716623288,4.79489787,4.140588212,3.303584147,1.551003844
Eif4a3l1,1.279559012,124.9065902,817.849394,389.0366006,192.0293911,84.72087331
Eif4a3l2,0.955513285,54.44559669,351.0968756,180.422352,84.62830654,36.40183807
Eif4e1b,0.082660838,0.512938625,1.452134061,0.42368267,0.273447576,0.081369622
Endog,6.844019452,10.29405189,10.47990803,8.574934191,5.336191462,3.558212898
Enox2,5.487460406,12.30438084,12.67611435,10.07579924,8.990030038,7.014057458
Entpd5,19.25216248,18.89303024,19.80534058,19.05224244,12.00416346,7.164874094
Ephb1,0.223641698,1.898040115,9.952114743,4.092214828,1.972222575,1.071417105
Epm2a,1.749608306,34.73430237,118.3092529,44.00268017,18.00453006,8.35157404
Ercc4,14.04283309,93.38290615,153.6553459,76.19198149,42.20134092,25.37612113
Esp24,0.054447137,1.021054702,1.636430011,1.044809759,0.537296653,0.414121689
Ets1,1.764590021,2.445052296,4.860557761,3.603332588,1.8206518,0.963486705
Eva1a,1.113316547,6.094042906,25.51501306,15.37899057,7.742659058,3.716014074
Exph5,0.233824978,1.690964185,2.03057822,1.630940162,1.484712228,0.943339112
F730035P03Rik,0.054447137,4.268542282,10.47616589,3.549135172,1.839033553,0.559555529
Fam124a,1.068261241,21.7659807,43.24389329,20.03367045,10.22259329,3.816765819
Fam186b,1.585193033,4.171957543,5.059615034,3.2569747,1.489552826,1.906322373
Fam222a,1.387728148,6.831876121,7.346788432,4.24422394,2.103539292,2.11888767
Fam227b,0.107269741,1.138804948,1.723463161,0.40380893,0.302736936,0.16490321
Fam50b,0.184590569,0.816685254,1.421097505,0.900476507,0.36137051,0.193219693
Fam71e1,1.561535396,2.173137801,3.497720546,3.020230122,1.554536334,0.853204978
Fam90a1a,0.054447137,1.855411328,1.9857501,0.854039744,0.821452784,0.327796356
Fastkd3,10.83929949,24.06743306,24.14549614,19.37346863,12.77955279,12.42070748
Fat3,0.054447137,0.601919379,0.6735902,0.621075792,0.645526641,0.469350973
Fbxo15,31.09629647,317.3743962,1014.561581,548.205452,324.8384479,135.5751164
Fbxo34,44.14261394,67.91374952,151.8517258,87.84579051,53.74861612,33.50371684
Fbxo46,3.080013609,7.254124896,7.315357897,5.737232016,3.183559481,2.251515217
Fbxo47,1.078517739,1.930649912,2.320563709,2.22865708,1.12613678,0.905649909
Fgf1,1.148341399,26.27283695,58.90088374,30.52814296,15.53961966,7.773450941
Fgf21,0.16003549,0.258299621,0.923881038,0.826955661,0.661304319,0.473350099
Fgf7,0.131852286,4.436784996,15.29011205,4.659900066,3.153786778,1.110287637
Ficd,2.070710113,5.554205696,7.830778303,6.153173456,4.047669786,2.884525905
Flrt2,1.152054847,3.474127478,4.427531425,4.251363156,3.084146375,2.007312778
Flt4,5.170795431,13.19537137,18.10629048,16.37939803,9.307698707,7.979971914
Flvcr1,4.741518041,7.619953574,10.1951453,8.858135827,9.162147169,6.820801855
Fmo5,1.878321999,1.790727523,1.98214178,1.432904144,0.266489808,0.408589645
Foxa3,0.683792847,1.834420568,2.187688284,1.471511703,0.692825128,0.303658278
Frat1,0.297388226,2.790644609,3.203838853,2.432727177,0.879969944,0.574319964
Frat2,19.72621058,21.79578191,29.92007601,20.05676441,13.4357168,8.264112733
Fthl17b,1.03666195,2.539476772,4.006941342,3.136829484,1.930732546,0.99594538
Fthl17e,0.578783943,1.218416281,2.175545795,1.192249199,0.956613596,0.737236066
Fthl17f,12.89427255,9.96049151,20.70594735,13.46909121,8.901414796,6.416090683
Fundc1,14.03403132,37.19044059,78.09776748,36.83686804,23.48625398,16.20807354
Fv1,0.382039828,0.982145179,2.543312855,1.641767664,0.604873678,1.020310787
Fzd2,2.693953551,4.243709603,6.969516478,6.879360574,4.564069976,2.915558912
Fzd8,0.790613619,2.167490048,3.400089837,2.752723939,1.389818997,0.887012005
G0s2,2.865338904,5.682971797,12.84942397,10.44898896,8.737144711,3.736897038
G430049J08Rik,0.110844041,1.482947498,3.685498917,1.126312306,0.442415951,0.408589645
Gal3st2,0.054447137,1.65806684,4.239484665,1.766072575,1.322417255,0.435647434
Gal3st2b,0.07905604,0.376703814,1.230151269,0.395839403,0.332067695,0.16490321
Gcc1,9.312922192,16.63341481,19.61236195,16.95691227,12.67068587,10.91572966
Gdf11,0.948065454,1.829582606,2.995115731,2.374715409,1.640221442,1.1048807
Gemin7,8.163296332,19.59462733,19.87699928,15.80791743,11.8849798,7.433016622
Gimap9,0.504981148,1.425723811,1.675695093,0.528049579,0.512548539,0.218698067
Glcci1,1.720357662,4.089721164,5.35189535,3.582683686,1.78252042,1.052646607
Glis1,0.62417625,6.547759745,11.64740554,6.405613113,2.58970587,1.653280846
Glrx2,23.296107,103.0132237,159.5788589,106.6696205,69.31321682,42.21203603
Gm10259,3.224524837,3.473916704,3.572929698,2.581350253,2.150018428,1.301996177
Gm10354,0.054447137,3.723479773,4.557006875,1.836939895,0.787653178,0.521791241
Gm10424,0.107269741,5.423882542,8.040980704,3.943689134,2.504260198,0.931403819
Gm10552,0.082660838,2.975119947,13.55266105,8.401238147,2.821993861,0.854444429
Gm10662,0.054447137,4.426821022,22.67430423,9.947206652,2.930666566,1.045621862
Gm10668,0.054447137,0.136840827,0.721399934,0.326115234,0.146996334,0.135215842
Gm10699,1.567899801,2.725287783,2.843183114,1.743848081,1.223368182,0.710293571
Gm10827,0.599545762,1.922787883,2.708513704,1.89426034,0.934201345,0.715803062
Gm11232,0.07905604,2.77575868,3.539857751,1.653432074,0.751555603,0.302317863
Gm11236,0.082660838,1.60801606,6.921696093,3.500735446,2.3684994,1.020310787
Gm11237,0.054447137,0.265584025,0.753826694,0.427164618,0.356636472,0.136622848
Gm11238,0.054447137,0.741754433,3.012348963,1.292441387,0.965963562,0.412648808
Gm11239,0.054447137,0.344364212,1.484927569,0.725840507,0.507866305,0.16490321
Gm11487,0.054447137,0.495234605,1.090060541,0.764997084,0.487656946,0.221546161
Gm11544,0.054447137,1.730266778,2.855261005,1.141816379,0.974770429,0.552800442
Gm11545,0.318492015,2.327962675,6.776701677,4.83839711,2.272303757,1.262577375
Gm11546,0.07905604,5.533753792,9.175928538,4.726908769,3.654866642,1.877813598
Gm11564,0.110844041,5.172081208,7.468570788,3.272101214,2.120363915,0.79512278
Gm11640,0.054447137,0.873464382,1.443310866,0.617814825,0.469362572,0.054447137
Gm11756,0.054447137,0.190549946,0.638493592,0.279612429,0.176285695,0.109660228
Gm11784,0.103638586,12.67369631,15.53766218,6.398303041,3.678446998,2.00365012
Gm11839,0.452086139,1.559094338,2.753144186,1.774040449,1.514152467,1.09981848
Gm11841,0.508581239,1.666539908,6.948402649,4.573488966,2.028716497,1.214532084
Gm12088,0.054447137,0.330379129,0.633340387,0.260337014,0.176285695,0.054447137
Gm12114,0.054447137,3.276733762,4.905839675,2.449903589,1.094475968,0.299479873
Gm12136,0.110844041,9.450146303,12.51338848,4.060964389,1.845526038,0.57720205
Gm12183,1.025698085,37.16792845,153.9760058,66.28661343,37.48792369,16.61707272
Gm12394,0.07905604,0.641624699,1.449812203,0.911890634,0.541799874,0.273991395
Gm12430,0.054447137,0.140506311,0.580173402,0.45430296,0.383706541,0.33477431
Gm12475,0.054447137,0.4481474,0.946040142,0.578545587,0.354455206,0.13794059
Gm12495,0.241018749,4.833194506,7.55319306,3.457939121,1.775826235,0.990429828
Gm12531,0.082660838,0.570285385,1.004406353,0.34928335,0.358919752,0.190417704
Gm12569,1.001886326,1.990895959,2.7131645,2.621773242,1.284175301,0.989029888
Gm12612,0.054447137,0.516613898,3.942431114,1.467228635,0.774031728,0.24701455
Gm12617,0.156407366,3.769858788,19.22098239,8.417415806,5.147102603,2.935532022
Gm12619,0.054447137,2.066382782,2.804258321,2.492385233,1.033536952,0.498950898
Gm12620,0.107269741,1.941631907,20.93436982,9.749450523,3.040855199,1.948222375
Gm12622,0.054447137,0.108168252,0.725237885,0.427164618,0.176285695,0.13794059
Gm12623,0.07905604,0.717487531,6.003254037,2.748788474,0.81001108,0.439622089
Gm12625,0.082660838,1.65806684,2.812813009,1.092020815,0.602631932,0.24701455
Gm12626,0.054447137,0.355414522,4.929088592,2.615329039,0.607201136,0.493442096
Gm12630,0.21277071,1.289780505,2.053058228,2.006788961,0.577813,0.463973901
Gm12702,0.054447137,2.771558664,4.293057646,1.265856379,0.828292523,0.082737743
Gm12723,0.054447137,0.480404281,1.084995699,0.221109472,0.352136001,0.054447137
Gm12724,0.054447137,11.75175572,16.32541919,7.959081577,3.648479052,1.551003844
Gm12731,0.054447137,0.942628066,0.973283102,0.357312541,0.178566874,0.221546161
Gm12790,0.054447137,3.315233572,6.476533683,1.537002053,1.365068368,0.356122824
Gm12794,0.181045247,19.21315023,33.49187068,16.75072726,10.1695828,4.968935191
Gm12800,0.265656629,5.868276838,13.59642732,7.258090809,3.656815628,2.368425757
Gm12844,0.582477554,0.921100688,3.345050688,1.81355736,0.83488204,0.302317863
Gm13034,0.722549395,3.191620718,8.530103001,6.437503851,3.668042545,2.422177074
Gm13040,0.054447137,0.512938625,0.974363015,0.586406089,0.234919269,0.109660228
Gm13043,0.054447137,0.32670946,0.639650107,0.256365559,0.176285695,0.081369622
Gm13057,0.054447137,1.665772832,5.033334768,2.294177561,1.270239164,0.436916113
Gm13078,0.216463669,2.795586412,7.452725765,5.413099972,2.370541283,1.018831203
Gm13083,0.054447137,0.756356621,1.964554915,1.183519975,0.735986467,0.16490321
Gm13101,0.054447137,0.605497864,1.332721293,0.485407977,0.266489808,0.109660228
Gm13106,0.054447137,0.924127989,1.423339284,0.660340193,0.778490271,0.166257073
Gm13119,0.131852286,33.5684052,53.21121837,31.61427534,20.28758227,6.184579236
Gm13128,0.363960069,0.921100688,1.722012509,0.893324729,0.449335907,0.33477431
Gm13135,0.469612564,1.23977659,3.314834706,2.111267946,1.631403587,0.796630892
Gm13136,0.687961463,1.128645783,2.03057822,1.490743512,0.663583089,0.822065275
Gm13142,0.293895486,0.211884792,1.03288572,0.388512656,0.298059211,0.13794059
Gm13169,0.965944639,1.711795647,3.349163494,2.616759772,1.782602353,1.351448952
Gm13191,0.054447137,0.78492094,1.449812203,0.64028174,0.356636472,0.139334588
Gm13222,0.082660838,0.981467508,1.110740024,0.512175565,0.383706541,0.108332241
Gm13228,0.663482018,23.3487381,87.34718621,48.78317978,24.29231515,9.50777345
Gm13231,0.462242309,1.013738632,2.027617309,1.591326892,0.970619033,0.779288761
Gm13241,0.740162325,2.500202992,3.375771784,2.539502394,1.141978872,1.321852995
Gm13281,0.054447137,0.935775829,2.250049678,1.521553474,0.760743008,0.139334588
Gm13335,0.054447137,2.950064244,3.340703234,1.553497838,0.794625939,0.329246561
Gm13360,0.054447137,4.319146862,9.39285125,6.28459737,2.616887825,1.24811056
Gm13622,0.856967202,1.747615167,3.240287617,2.344695789,1.315347874,1.658569416
Gm13694,0.082660838,4.096395075,19.32015358,9.331066182,4.890656273,1.81614487
Gm13695,0.054447137,2.206913817,9.815270804,4.786077838,2.485620656,0.909747577
Gm13696,0.054447137,2.195020283,9.842730342,4.89075966,2.639938362,1.047253909
Gm13962,0.054447137,2.585700557,6.471736341,3.311837256,1.211619693,0.608066678
Gm13964,0.07905604,8.195349222,11.31423821,3.788154275,1.980350171,0.714302259
Gm14267,0.980119994,1.099773239,4.004377733,3.757455364,1.353976089,1.096989445
Gm14370,0.054447137,0.434117864,0.635862193,0.353336264,0.178566874,0.135215842
Gm14552,0.054447137,0.136840827,0.63448772,0.326115234,0.176285695,0.111018105
Gm14742,0.054447137,11.2914737,12.38094823,6.355866054,2.962380655,1.214532084
Gm14929,0.054447137,0.580471561,1.423339284,0.928574499,0.717792968,0.21739455
Gm1527,0.054447137,0.534242728,0.91595251,0.395839403,0.086065973,0.081369622
Gm15303,0.054447137,0.315643296,0.726693836,0.283586589,0.149227539,0.166257073
Gm15314,0.054447137,0.158176824,0.525526437,0.182604061,0.054447137,0.054447137
Gm15455,0.363960069,3.863198724,15.80497784,8.175354926,3.817167639,2.060432784
Gm15691,0.110844041,1.54757612,4.171046705,2.318585575,0.846383653,0.330635123
Gm15753,0.20922845,0.934860091,4.185659727,3.170246113,1.297090913,0.51913661
Gm15762,0.054447137,2.62533294,3.826337917,1.606111347,0.87814587,0.380273162
Gm15850,0.054447137,0.340634805,0.608759331,0.419149352,0.358919752,0.251109525
Gm16004,0.054447137,1.243395529,1.533901759,0.876588485,0.390624449,0.190417704
Gm16026,0.152831546,12.88658741,92.18914866,51.35470347,19.25247462,6.984160255
Gm16028,0.054447137,0.36200401,0.724136226,0.178664185,0.237186993,0.135215842
Gm16092,0.054447137,0.211884792,1.173283469,0.764997084,0.295743748,0.27260361
Gm16094,0.054447137,5.552943194,10.33943914,7.182528205,1.450599652,0.633678238
Gm16202,0.054447137,0.319271163,0.782568477,0.229135206,0.149227539,0.109660228
Gm16239,0.07905604,6.012820685,10.55880893,5.028327093,1.956071158,0.940790578
Gm16243,0.054447137,0.351737593,1.256329732,0.384450883,0.203328242,0.054447137
Gm16332,0.082660838,24.41552017,50.20182568,22.21237032,8.043325531,3.240576449
Gm16344,0.054447137,0.161878846,0.608759331,0.384450883,0.207856235,0.081369622
Gm16367,0.054447137,0.32670946,0.696764714,0.430947271,0.176285695,0.136622848
Gm16368,0.054447137,1.773948181,4.708135052,2.480927005,1.333240393,0.411413366
Gm16427,0.054447137,0.541605407,1.337803326,0.628997243,0.358919752,0.16490321
Gm16429,0.07905604,3.123204512,5.437871029,2.240502562,1.365068368,0.797855109
Gm16478,0.054447137,14.62638553,25.62147035,16.95071662,10.88765707,3.135892127
Gm16513,0.054447137,0.834906076,1.647057136,0.9125429,0.298059211,0.24701455
Gm16892,1.303125942,3.894889805,4.304576294,2.385572272,1.49111107,1.651972286
Gm17017,0.082660838,0.838657662,3.40319285,2.034336829,0.948047977,0.73441198
Gm17019,0.054447137,1.54070427,2.437454484,0.889198901,0.629751324,0.21739455
Gm17026,0.054447137,1.361592665,1.900540102,0.799699108,0.275668842,0.109660228
Gm17249,2.453579195,3.955214578,4.692782215,3.763865719,2.400393696,1.646309794
Gm17611,0.054447137,0.38412351,0.864318305,0.353336264,0.117656999,0.054447137
Gm17895,0.054447137,9.228880824,16.29586832,4.628037653,1.84297807,1.037632166
Gm18198,0.054447137,0.229584123,0.923881038,0.205885631,0.117656999,0.081369622
Gm18204,0.054447137,1.067609219,3.567837495,2.551345813,1.177924691,0.955466891
Gm18280,0.054447137,0.111835211,0.557927021,0.197934939,0.083786472,0.081369622
Gm18304,0.20922845,1.013738632,1.526144822,0.695291872,0.295743748,0.190417704
Gm18342,0.054447137,0.791563851,2.257374281,1.549456356,0.668110371,0.275341017
Gm18617,0.054447137,0.587875481,0.638493592,0.159379323,0.086065973,0.082737743
Gm18629,0.054447137,0.651939541,0.692871908,0.559292031,0.32731315,0.21739455
Gm18765,0.371124001,40.04386014,75.35098399,45.10599553,14.98096414,4.431680407
Gm18805,0.054447137,1.149904973,1.371899425,1.016745675,0.634152741,0.276747022
Gm18856,1.788276374,0.784261518,6.525791227,3.968247931,1.908705276,1.812317462
Gm18983,0.135452944,9.669406622,38.62605805,20.2201998,10.3742947,7.076514309
Gm19368,0.082660838,3.157656318,5.537420757,2.324562105,1.002177867,0.358843846
Gm1982,0.054447137,0.526807666,0.944541319,0.652396216,0.32731315,0.139334588
Gm1995,0.233824978,7.785258416,54.96933838,26.45576965,14.20076771,6.590249255
Gm2016,1.026365771,113.5863416,363.060943,190.6580797,87.00295314,38.8949015
Gm20186,0.888412401,1.493530406,1.621144187,1.451762471,0.726819782,0.354769637
Gm2022,0.431274237,21.46833834,72.30772986,37.31796363,16.45603236,6.674723252
Gm2027,0.107269741,8.105425025,32.36212126,16.53251461,8.282668353,4.276763691
Gm20302,0.265656629,1.310184476,1.707818563,1.312220689,0.805683758,0.845166466
Gm2035,0.34299338,21.86193244,73.58253369,42.08108966,18.53096411,7.184818688
Gm2056,0.258326344,14.11440888,26.09136278,12.88015436,6.315712574,2.291758513
Gm20611,0.448600199,1.714063158,4.500181944,3.043001873,1.227437043,1.608824766
Gm20625,1.144953418,3.716623288,13.11564975,8.000155667,3.327606308,2.395918095
Gm2075,0.110844041,13.11788603,42.37345088,22.67277239,11.23589008,4.757112104
Gm20765,0.107269741,10.04436931,30.57979898,14.72332993,6.345243135,2.339761066
Gm20767,0.22011998,21.69807607,105.2404735,59.32877944,26.35096511,9.536480442
Gm20769,0.054447137,0.376703814,0.695562779,0.34928335,0.178566874,0.054447137
Gm2099,0.131852286,2.759559554,3.989355538,2.17400313,0.977290016,0.493442096
Gm21033,0.054447137,2.768030682,3.097965142,2.896577017,1.421159413,0.688828432
Gm21034,0.054447137,1.991497743,3.097965142,2.274672006,1.058509823,0.62947305
Gm21035,0.054447137,1.578620391,2.210013959,2.072250887,1.214081543,0.358843846
Gm21036,0.054447137,0.534242728,0.747498274,0.698726449,0.302736936,0.245674912
Gm21037,0.135452944,12.03386417,23.88424412,13.62925334,7.06857352,2.694906222
Gm21083,0.054447137,2.439100198,2.481306851,0.858070288,0.697389435,0.21739455
Gm21149,0.054447137,0.509113268,0.641058408,0.260337014,0.178566874,0.136622848
Gm21293,0.293895486,38.89004792,118.4517501,55.6963347,24.70956405,9.098575685
Gm21304,0.16003549,19.02701123,54.28663067,25.84864915,11.60145562,4.135600432
Gm21319,0.163633084,23.88927968,50.62382874,26.02454085,14.42094398,5.63832029
Gm21358,0.082660838,1.232301147,2.114013978,1.57705729,0.886822921,0.189103943
Gm2139,0.054447137,5.265456334,10.85053695,5.118883298,1.809519417,0.547345334
Gm21542,0.20922845,17.16653886,56.80713923,29.02185695,13.15945716,5.261695331
Gm21569,0.054447137,0.709812493,1.25353302,0.831680262,0.954253467,0.387192991
Gm21731,0.103638586,3.025927425,18.50788234,8.850374799,2.977090121,0.661982983
Gm21761,0.483988991,46.15450791,219.5787074,121.4330217,55.74103657,21.6884366
Gm21762,0.156407366,5.06367985,37.08888649,17.48444383,7.395897407,2.810125612
Gm21818,0.16003549,16.82002013,74.38237495,41.20245734,13.62581903,4.548179573
Gm21847,0.054447137,2.147871366,2.978963467,0.943647701,0.512548539,0.357563821
Gm21936,0.110844041,11.41533466,38.39492861,20.62764215,10.01524569,4.429683977
Gm21939,0.565065924,22.03318368,108.8971492,63.18868566,33.41386845,17.77980671
Gm21957,0.054447137,0.136840827,0.58646818,0.477503324,0.142406592,0.163506448
Gm21960,0.786507546,10.83400748,20.9662995,12.91509524,4.263736991,1.10374018
Gm22103,0.054447137,0.108168252,0.552897949,0.294831551,0.117656999,0.13794059
Gm22723,0.054447137,0.294304941,0.722838232,0.388512656,0.205616454,0.24701455
Gm2427,0.152831546,0.841664502,1.695193055,1.614337003,0.699701728,0.439622089
Gm24442,0.054447137,0.348022537,1.030266081,0.512735978,0.210136276,0.081369622
Gm24447,0.62417625,0.133206271,1.057509675,0.978457171,1.026627257,0.964945586
Gm26184,0.054447137,1.74338581,2.232483338,1.483036547,0.271032239,0.195978317
Gm26691,0.054447137,1.199998076,1.764132416,0.551321187,0.390624449,0.163506448
Gm26788,1.37777068,65.30124825,71.53986277,37.39005043,18.32863726,12.19886861
Gm26797,0.054447137,1.328130882,3.759068261,1.646698006,0.516910885,0.249863421
Gm27010,1.054236506,2.215991954,3.013097391,2.845729155,2.479183955,1.945529795
Gm27167,0.384995047,48.69817804,85.14595197,46.90011303,25.43771222,7.928887456
Gm28386,0.16003549,1.339771822,1.441349928,0.87826182,0.711024311,0.581105187
Gm28438,5.367508748,75.77500153,77.73651909,61.96899304,71.4603871,39.18125213
Gm28455,0.793588674,2.796956046,2.967135987,1.957409377,1.807551074,1.241428684
Gm28806,0.082660838,2.668433176,6.429667118,3.768822185,1.522862182,0.754837625
Gm28826,0.054447137,0.330379129,0.642284905,0.291498335,0.144694669,0.167661056
Gm28940,0.07905604,21.76586486,28.45625061,12.81467492,6.661123109,2.10822055
Gm29010,0.054447137,0.56297893,1.201600114,0.155382615,0.054447137,0.054447137
Gm29087,0.054447137,0.351737593,0.670758076,0.36127635,0.203328242,0.109660228
Gm29125,0.054447137,0.966730817,2.945517621,0.923868655,0.419947771,0.27260361
Gm29183,0.286506484,1.586256938,2.204852588,0.795476862,0.388243074,0.21739455
Gm29284,0.107269741,0.136840827,1.443310866,0.435015461,0.234919269,0.108332241
Gm29361,4.82623112,115.9839596,197.7582885,101.9263792,46.09379922,20.52537485
Gm29456,0.755073723,1.415637954,1.445692319,0.598375103,0.449335907,0.330635123
Gm30363,1.349324151,3.69686572,3.983363986,1.568268396,0.670450393,0.356122824
Gm30613,0.054447137,0.423017941,0.803121772,0.132157877,0.271032239,0.108332241
Gm3089,0.054447137,2.5928154,7.808479308,2.693335968,1.716935368,0.496324254
Gm3106,0.054447137,0.244241415,0.725237885,0.458183577,0.146996334,0.109660228
Gm3147,0.135452944,7.031068973,12.91700432,4.731898096,2.928648542,1.368807312
Gm3176,0.07905604,1.515862791,2.118990891,0.881232344,0.422185051,0.356122824
Gm3183,0.054447137,0.434117864,0.753826694,0.395839403,0.237186993,0.109660228
Gm32567,0.054447137,1.637495676,2.735740545,0.846693779,0.388243074,0.054447137
Gm32857,0.135452944,0.319271163,1.059981191,1.036043125,0.419947771,0.384440084
Gm32932,0.054447137,3.668704417,4.63828062,1.731427133,0.600509285,0.445045354
Gm33248,0.07905604,10.49174926,22.63137974,11.25283491,5.028783357,1.90091964
Gm33466,0.110844041,7.996895672,29.46846805,16.19193813,7.434569726,3.190110923
Gm33680,0.07905604,9.986314196,14.83168053,5.202213465,1.886059235,1.2128111
Gm33700,0.107269741,1.275678248,2.281588578,1.471284686,0.992783894,0.333304889
Gm34059,0.392198926,3.548368162,8.365820354,3.971434468,1.486922142,0.993368292
Gm3442,0.103638586,0.649038114,0.979889284,0.275556609,0.234919269,0.139334588
Gm34730,0.054447137,0.190549946,0.890202888,0.279612429,0.266489808,0.136622848
Gm34794,0.054447137,0.4481474,1.059981191,0.795476862,0.176285695,0.081369622
Gm35974,0.07905604,8.803619573,15.238731,4.42544452,2.023812323,0.964945586
Gm3631,0.054447137,0.376703814,0.98375263,0.551872297,0.200963346,0.222900802
Gm3633,0.054447137,0.684351449,1.170686562,0.761203456,0.298059211,0.054447137
Gm36627,0.054447137,0.706377633,3.516369269,2.200896951,0.63206228,0.218698067
Gm36718,0.103638586,7.591162902,43.90955365,28.85454366,8.517203147,2.506329529
Gm37090,1.004534919,1.898040115,1.916775481,1.374693207,0.564109116,0.470659176
Gm37253,0.054447137,0.659333429,0.667021619,0.334138008,0.237186993,0.108332241
Gm37500,0.515045251,1.286019457,3.038827206,1.75448563,0.758411139,1.048553593
Gm37759,0.131852286,0.319271163,1.133923421,1.133715438,0.550893639,0.275341017
Gm37852,0.054447137,0.437887845,0.587786437,0.248335163,0.113075833,0.081369622
Gm37945,0.131852286,0.645222241,1.305195062,0.578545587,0.054447137,0.081369622
Gm38253,1.158645082,2.833210461,2.862973973,2.82143157,1.823275426,1.010419985
Gm38258,0.103638586,14.57084335,18.27584568,5.908391586,3.493251805,1.312215337
Gm38271,0.082660838,4.96686889,12.63365011,6.134578786,3.222037547,1.269623381
Gm38342,1.229107364,9.45539596,19.90898598,11.08360166,5.278943588,2.201483735
Gm38403,0.054447137,0.298028182,0.639650107,0.40380893,0.054447137,0.216032642
Gm38407,0.054447137,0.161878846,0.696764714,0.31818724,0.178566874,0.139334588
Gm38642,0.135452944,12.09052015,33.81503116,15.21706913,5.981555337,1.980197162
Gm4011,0.054447137,2.032939273,2.916857746,1.226708198,0.668110371,0.389842376
Gm4027,0.441481943,60.93158854,217.3484897,125.7002632,54.15758859,24.19315951
Gm40331,0.054447137,1.074355096,1.425064897,0.958835256,0.356636472,0.362958776
Gm4081,0.082660838,2.37404787,2.898909879,1.214520785,0.785336943,0.296843676
Gm40848,1.180200597,2.431873065,3.339898841,2.108978855,1.757472562,1.462074658
Gm40879,0.110844041,1.346481584,1.837887082,0.590558271,0.386024608,0.081369622
Gm40910,0.054447137,12.2579914,19.58756641,6.021336224,4.372670511,1.762389144
Gm40987,2.461648875,6.053482913,6.243404902,3.964693674,3.16479868,1.514448071
Gm4130,0.30753189,0.749002238,2.318690821,1.48263532,0.695161881,0.385772545
Gm4131,0.139024181,0.881488497,1.256329732,0.407779155,0.363628297,0.108332241
Gm41409,0.216463669,18.22469008,26.46727708,10.60249442,4.7435808,1.910990032
Gm41654,0.054447137,0.595196231,1.592506229,0.70686282,0.415275943,0.249863421
Gm42662,0.054447137,6.018959783,7.063248326,3.339239322,1.080602326,0.687498317
Gm428,0.07905604,1.597879591,7.776163592,3.79142203,2.673951515,1.045621862
Gm42808,0.07905604,0.51936015,0.942208958,0.419818187,0.234919269,0.166257073
Gm42879,0.054447137,1.056621261,1.25353302,0.636305455,0.724403921,0.443730478
Gm43049,0.07905604,7.44409674,9.547205414,5.98584303,2.661690932,1.165656089
Gm43088,0.233824978,1.635769227,2.986325592,1.548984134,1.166989349,1.123650817
Gm43129,0.103638586,0.856486354,1.084995699,0.865557886,0.573352869,0.162127098
Gm4316,1.525207516,0.294304941,1.862288292,1.451762471,0.864081001,0.439622089
Gm43225,0.07905604,2.505937914,4.268238283,1.599031856,0.64977556,0.466583579
Gm43226,0.054447137,0.301674067,0.581483878,0.287641563,0.266489808,0.16490321
Gm43263,0.082660838,4.674277296,8.295581185,3.393051347,1.49111107,0.989029888
Gm43391,0.054447137,4.074518736,5.383642129,1.979327544,0.816928299,0.385772545
Gm4340,0.297388226,50.9682352,152.8880481,70.85835349,34.04269187,12.25249047
Gm43403,0.262005119,0.788018472,1.559544922,0.892910432,0.510147844,0.330635123
Gm43437,0.322026107,0.902689316,1.664003462,1.44090299,0.489932924,0.439622089
Gm43534,1.113316547,3.450201546,4.439073071,3.843709731,2.642606607,2.155636215
Gm43598,0.107269741,0.691609836,1.169161646,0.834726289,0.792022436,0.358843846
Gm43617,0.054447137,0.373115586,0.923881038,0.539850036,0.29129364,0.082737743
Gm43672,1.022048274,2.612890533,2.817238718,2.243929021,1.579030091,0.932440567
Gm43678,0.054447137,0.419396026,0.726693836,0.547962748,0.113075833,0.054447137
Gm44423,0.205641775,0.56297893,0.973283102,0.672091508,0.426833322,0.166257073
Gm44561,0.131852286,4.110028305,4.287574935,2.080914047,0.663583089,0.62947305
Gm44564,0.054447137,0.344364212,0.587786437,0.287641563,0.086065973,0.054447137
Gm44565,0.054447137,0.963637981,1.10545025,0.392490186,0.178566874,0.163506448
Gm44566,0.110844041,1.297320974,1.425064897,0.745997737,0.300362998,0.135215842
Gm44593,0.054447137,0.996247427,2.841576167,1.560012164,0.424583142,0.278072144
Gm44693,0.054447137,5.759604508,16.36012977,8.346392886,2.463935156,0.666031274
Gm44736,0.082660838,2.055407591,4.207283128,1.874625941,0.634152741,0.436916113
Gm44739,0.054447137,0.236912925,0.61112208,0.322052997,0.424583142,0.081369622
Gm44996,0.265656629,8.782755733,8.895291817,3.642732808,1.428275685,0.547345334
Gm45083,0.054447137,0.401796864,1.058744784,0.294831551,0.356636472,0.081369622
Gm4513,0.082660838,5.244146615,31.8064896,14.7203847,4.312760943,1.681748153
Gm45250,1.624584557,2.893209637,3.007918434,2.833885534,2.335132228,1.160441407
Gm4526,0.054447137,1.980162202,14.62171543,7.550474283,1.746312099,0.824967658
Gm4545,0.054447137,0.219270862,1.058744784,0.458183577,0.298059211,0.054447137
Gm45551,0.054447137,2.523295798,2.72084634,2.472616787,1.6697529,1.1048807
Gm4557,0.054447137,0.938830705,7.450560825,3.803001695,0.776299491,0.494932724
Gm45593,0.107269741,0.688069631,0.91363551,0.699487423,0.325067069,0.222900802
Gm4565,0.054447137,0.792519345,3.812521036,1.959907327,0.604873678,0.27260361
Gm45659,0.07905604,9.170327809,15.72774877,7.171534344,3.640470982,1.506592054
Gm4567,0.054447137,2.256768536,12.84942397,6.213793971,1.85926819,0.604047499
Gm45752,0.983659034,0.848956253,1.005470808,0.559292031,0.36137051,0.24701455
Gm45848,0.054447137,0.169227227,0.695562779,0.233115984,0.086065973,0.054447137
Gm46992,0.054447137,1.139797579,1.140682279,0.450364982,0.178566874,0.218698067
Gm46996,0.152831546,2.369951577,4.567893977,2.423010749,1.06533166,0.766831058
Gm47014,0.054447137,1.783108022,2.566747452,0.753193053,0.512548539,0.275341017
Gm47058,0.054447137,0.272992789,0.812418597,0.205885631,0.142406592,0.111018105
Gm47096,0.054447137,2.325111029,7.89961426,4.022894559,2.335132228,1.571450473
Gm47135,0.301103799,1.686757571,2.037685517,1.903055602,0.988192389,0.77094377
Gm47184,0.07905604,4.180543908,14.74858095,12.6389158,5.093139419,1.719701728
Gm47224,0.054447137,0.584221716,1.06264563,0.908628259,0.302736936,0.166257073
Gm47321,0.110844041,1.836546521,1.993278668,1.308125338,0.566538692,0.19178681
Gm47381,0.262005119,2.453274963,10.494824,5.343540273,2.38443934,0.657826071
Gm47509,0.054447137,3.148925412,5.452469975,1.63467105,0.728980791,0.384440084
Gm47510,0.163633084,3.445140207,9.467961634,4.248192628,2.86076026,1.303060751
Gm4766,0.054447137,1.017558887,5.023875823,1.987753176,0.922700472,0.218698067
Gm47738,0.054447137,4.798706429,8.029556211,4.891239038,2.497949043,1.535741786
Gm4782,1.856408946,173.5884411,393.4404245,191.1090962,60.28492373,21.59549496
Gm47896,0.181045247,0.817415896,0.89810946,0.730094797,0.352136001,0.13794059
Gm47985,0.082660838,2.217541727,4.695434401,1.827700608,0.965963562,0.412648808
Gm47995,0.07905604,3.495365952,4.384237448,2.437701005,1.301899976,0.300920093
Gm47996,0.082660838,1.591428926,3.42672867,1.774040449,1.268058784,0.439622089
Gm48025,0.262005119,1.368461844,2.429498393,0.93924318,0.638859037,0.440997952
Gm48051,0.054447137,1.372474727,1.667821567,0.566701145,0.302736936,0.193219693
Gm48069,0.565065924,1.331485993,1.971747529,1.781824026,1.421159413,0.514866309
Gm4810,0.054447137,1.149904973,3.129533966,1.580502885,1.055825539,0.358843846
Gm48155,0.054447137,0.981467508,2.929725394,1.874625941,0.627374415,0.279458669
Gm48187,0.054447137,8.816083417,10.34868095,3.988311495,1.647572959,0.766831058
Gm48383,0.332065746,1.113963469,1.452134061,0.648300192,0.293496529,0.383096105
Gm48388,0.054447137,2.195103406,6.809956372,4.251431223,1.63580451,0.69031975
Gm48389,0.054447137,0.749002238,4.928684008,2.673466637,0.963585612,0.440997952
Gm48399,0.054447137,2.298998533,5.978032862,2.344695789,1.0850245,0.469350973
Gm4840,0.353758117,27.8452861,68.38031427,35.55857796,14.61851618,5.304500608
Gm48419,0.156407366,1.644494385,23.6017573,17.85199803,5.969178983,2.810125612
Gm48423,0.07905604,0.248022236,2.729368651,2.388340718,0.69057944,0.385772545
Gm48424,0.054447137,0.236912925,1.080744531,0.621075792,0.268756396,0.082737743
Gm48436,0.054447137,1.217836327,19.17394786,14.02367061,4.771094471,1.843451508
Gm48455,0.054447137,0.649038114,1.200527063,0.473674932,0.203328242,0.109660228
Gm4847,0.054447137,0.351737593,1.279453499,0.396568612,0.142406592,0.193219693
Gm48492,0.262005119,12.80520578,34.99618428,14.32035588,7.376501413,3.282341502
Gm48525,1.004534919,1.736116606,2.547236146,1.716657185,1.013446833,0.498950898
Gm48578,0.110844041,28.59129866,57.24352756,24.79037209,13.84012804,5.474376019
Gm48629,0.054447137,12.68442641,17.4133965,8.166859941,3.444555238,1.795682783
Gm48762,0.054447137,5.76000893,10.11174478,4.52797514,1.965294201,0.935296106
Gm48902,0.054447137,0.104490772,0.919852633,0.500813274,0.117656999,0.163506448
Gm48931,0.353758117,39.68441903,76.3473945,42.28073199,25.8533549,10.74300683
Gm49052,0.054447137,0.802740474,7.382377679,4.541021861,1.423714824,0.62947305
Gm49064,0.191881123,1.032830578,17.43866113,13.7871203,4.308021758,2.045453699
Gm49187,0.20922845,2.804536032,32.30738575,20.74370894,7.256211954,3.16279483
Gm49236,0.054447137,0.494333847,1.171642566,0.815061415,0.358919752,0.054447137
Gm4930,0.054447137,0.348022537,1.884541091,1.145474638,0.537296653,0.275341017
Gm49312,0.107269741,0.290550247,0.525526437,0.50473963,0.449335907,0.054447137
Gm49559,0.054447137,0.136840827,0.724136226,0.365265786,0.332067695,0.111018105
Gm49619,0.304620492,0.924127989,1.39125438,0.593839486,0.600509285,0.275341017
Gm4971,0.550502233,33.77898001,120.5817761,66.69853935,31.49663064,11.40118825
Gm49742,0.110844041,1.134912073,3.653217717,1.29328704,0.742471126,0.27260361
Gm50088,0.054447137,0.340634805,1.112203576,0.252382076,0.054447137,0.163506448
Gm50180,0.596906315,68.02046768,314.173787,189.2611217,60.24748511,15.94929645
Gm50190,0.054447137,2.653641181,12.84006506,7.860141094,2.118834708,0.52450872
Gm50192,0.054447137,2.642516482,11.93250177,7.050843662,1.965294201,0.527255643
Gm50193,0.322026107,20.29038699,82.77437383,49.07784511,14.37519029,3.856287865
Gm50284,0.054447137,0.265584025,0.612517248,0.294831551,0.146996334,0.054447137
Gm50332,0.054447137,3.149734502,3.458231999,1.320292989,0.64977556,0.385772545
Gm50340,1.990739971,2.395386501,2.953980285,2.281323812,1.403292638,1.049854562
Gm5039,0.574981678,122.3633816,340.2636313,163.6567351,78.50075493,31.58674357
Gm5049,0.135452944,0.336874551,1.300637025,0.792392999,0.844103466,0.384440084
Gm5053,0.054447137,0.398107095,0.556642271,0.40380893,0.113075833,0.054447137
Gm5114,0.082660838,1.827753802,3.79223904,1.265856379,0.6094709,0.57720205
Gm5117,0.082660838,5.058822376,38.49746079,19.16098946,9.607094358,3.357926474
Gm5157,0.054447137,0.20824035,3.25827309,1.327581845,0.383706541,0.136622848
Gm5276,0.054447137,0.959981494,1.167878832,0.380640814,0.144694669,0.220103293
Gm5301,0.599545762,54.76650354,150.5289349,87.69365777,22.70599552,7.167608075
Gm5335,0.082660838,0.859336517,3.123963042,1.960198831,0.446882545,0.278072144
Gm5342,0.054447137,0.666583532,0.91595251,0.473674932,0.149227539,0.082737743
Gm5435,0.286506484,3.298639774,31.81886415,11.86152315,4.079121436,1.73814186
Gm5541,0.110844041,6.30922736,52.27604087,21.85075568,10.55714866,3.563081786
Gm5542,0.163633084,3.723479773,25.77360388,11.69835906,6.308386468,2.64554924
Gm5543,0.054447137,2.671558037,38.17645584,17.69849091,6.98331703,3.203672357
Gm5565,0.054447137,0.079452753,0.641058408,0.178664185,0.307320872,0.108332241
Gm5576,0.135452944,7.605205936,57.3088379,24.5839638,12.09657026,4.942207913
Gm5590,0.230143141,4.703646319,23.43872805,9.748630876,3.975674426,1.494544431
Gm5591,0.054447137,0.451699218,0.529398994,0.178664185,0.115405308,0.082737743
Gm5612,0.054447137,0.355414522,3.609746067,1.410020765,0.715285246,0.520499885
Gm5628,0.082660838,0.784261518,0.812418597,0.44242096,0.453837081,0.306421289
Gm5662,1.434050295,159.3644683,522.8566665,278.9768088,132.5668375,56.19908183
Gm5698,0.128193666,2.71285342,4.978947537,3.047450425,2.605930049,1.053929966
Gm5773,0.054447137,1.35078923,8.746378222,3.710742833,1.236699699,0.574319964
Gm5788,0.107269741,15.04916222,38.19848482,19.71099157,8.620125899,3.431384408
Gm5789,0.110844041,2.626904905,3.234460378,1.277456674,0.566538692,0.271199511
Gm5834,0.07905604,3.821496939,7.327469583,2.982129812,1.369656214,0.663261961
Gm5837,1.088849782,33.23322617,87.79702547,37.51035301,16.95369361,7.649783959
Gm5852,0.054447137,0.419396026,3.701316906,1.836939895,0.895633996,0.579761932
Gm5890,0.082660838,2.074185662,16.54511061,8.001935642,2.337412679,0.986637186
Gm5939,0.131852286,3.463166135,26.65403075,9.543859906,5.86243808,2.282219848
Gm5989,0.934307523,46.96912198,122.8340964,65.67385809,20.30695856,5.851767278
Gm6051,0.103638586,1.257450986,2.398907261,0.5897994,0.659026445,0.221546161
Gm6089,0.135452944,1.514891164,1.559544922,0.990153756,0.234919269,0.166257073
Gm6176,0.054447137,1.772998933,11.72569851,4.240180173,1.268058784,0.356122824
Gm6264,0.18821563,6.878196307,22.76655127,10.38467146,4.739038405,1.683007884
Gm6317,0.054447137,0.512938625,1.384391858,0.842868669,0.210136276,0.13794059
Gm6346,0.131852286,3.761335444,5.164691598,1.863307832,0.934201345,0.492291162
Gm6348,0.054447137,2.160725802,2.480417998,1.001839584,0.695161881,0.329246561
Gm6351,0.07905604,2.288778848,3.259140965,1.176062139,0.598099294,0.275341017
Gm6468,0.054447137,3.823826281,4.601221734,1.265856379,0.837236753,0.521791241
Gm6489,0.07905604,2.221094342,4.312148097,2.682307072,2.572190781,1.018831203
Gm6494,0.16003549,12.02476615,21.01992675,11.29554678,6.388841935,2.460000277
Gm6502,0.177428075,6.09062981,6.835470637,2.1276701,1.01985029,0.775099669
Gm6507,0.131852286,1.629777982,3.952966329,3.349295303,1.029125555,0.67930406
Gm6509,0.07905604,2.714342458,3.080402968,0.998303704,0.444555006,0.16490321
Gm6555,0.054447137,0.992437484,1.225090992,0.481539266,0.365949568,0.24701455
Gm6627,0.462242309,1.346481584,1.39627012,0.582601981,0.575622343,0.356122824
Gm6712,1.399566317,3.702570704,4.037902476,2.892264747,1.764849348,1.566674845
Gm6727,0.054447137,0.233206571,0.499632557,0.155382615,0.083786472,0.054447137
Gm6756,0.054447137,0.276703514,0.862787977,0.248335163,0.083786472,0.139334588
Gm6803,0.103638586,24.29589578,88.28862713,47.16029311,20.82136698,7.659031042
Gm6819,0.054447137,0.351737593,0.96803994,0.419818187,0.174025427,0.054447137
Gm6838,0.054447137,0.319271163,1.001605975,0.687596746,0.266489808,0.054447137
Gm6882,0.082660838,1.207357882,8.086495697,3.62619129,1.189305171,0.245674912
Gm6902,0.054447137,2.285596542,10.87546774,4.899363563,2.057580106,0.410057596
Gm6909,0.054447137,2.051737414,3.345050688,1.495071155,0.302736936,0.24701455
Gm6999,0.07905604,4.807567479,14.24131412,6.53408361,2.689427347,0.970313742
Gm7102,0.054447137,0.963637981,5.559518926,3.252410029,1.789146714,0.496324254
Gm7104,0.07905604,1.65806684,13.06777263,5.125039636,2.882345506,1.439458458
Gm7627,0.054447137,3.007974028,13.28693953,6.603436139,2.6714919,1.236908304
Gm7663,0.054447137,0.484202423,0.730573179,0.256365559,0.295743748,0.081369622
Gm7682,0.054447137,5.419588557,6.502260486,2.395802774,1.272739296,0.52450872
Gm7868,0.07905604,0.301674067,0.808473659,0.260337014,0.322884666,0.139334588
Gm7898,0.054447137,5.157973664,5.202858017,2.49205478,1.410278223,1.014874506
Gm7942,0.054447137,10.80474245,14.63057991,5.123421291,2.481500509,1.068637444
Gm7957,0.107269741,10.96614778,16.03885659,10.75343258,6.185529096,3.253547571
Gm7961,0.054447137,1.031471423,1.724886448,0.667518046,0.356636472,0.275341017
Gm7969,0.054447137,0.161878846,2.064504971,1.490743512,0.444555006,0.273991395
Gm7971,0.082660838,1.65806684,3.060696374,1.11387926,0.652019947,0.525827161
Gm7978,0.054447137,1.740861688,2.873413154,1.537002053,0.726819782,0.303658278
Gm7982,0.054447137,2.603277502,2.815943937,1.11842423,0.607201136,0.384440084
Gm8016,0.054447137,0.677649773,10.42297006,9.698027783,3.760802837,1.645421735
Gm8038,1.321453417,124.5579832,276.7895456,137.162602,46.23153718,16.18099967
Gm8041,0.054447137,1.676713619,2.028651692,1.377853704,0.510147844,0.300920093
Gm807,1.240478749,1.783108022,1.818683322,1.234693399,0.478587242,0.410057596
Gm8094,0.054447137,1.235926353,1.884541091,0.582601981,0.386024608,0.220103293
Gm8104,0.054447137,0.623908655,0.641058408,0.334138008,0.383706541,0.195978317
Gm8182,0.054447137,2.192168978,7.797600768,4.656112472,1.599678748,0.523285745
Gm8300,1.012055241,136.7255092,428.5539522,217.0322228,86.36890337,35.5597528
Gm8332,0.406677708,73.62214749,261.3932321,144.1645726,72.00766101,29.88552947
Gm8341,0.082660838,0.441526494,0.696764714,0.621075792,0.174025427,0.054447137
Gm8607,0.135452944,6.188231095,34.07568757,20.36648505,7.386791386,3.882274889
Gm8663,2.602614101,1.224839554,3.454494003,3.201689418,2.993992973,3.437579236
Gm8674,0.082660838,0.809879773,1.280602184,0.835668922,0.6094709,0.218698067
Gm8708,0.054447137,0.2155205,1.395069179,0.850085962,0.329665813,0.136622848
Gm8764,0.054447137,1.486796751,4.799440595,2.26697023,1.058509823,0.440997952
Gm8947,0.054447137,2.489458888,7.040002777,3.576179135,1.304079713,0.632231965
Gm8953,0.054447137,0.20824035,0.949779987,0.794909288,0.293496529,0.27260361
Gm9029,0.107269741,1.515862791,8.241827615,3.98232584,2.574035753,0.967701916
Gm9030,0.07905604,0.652520314,3.462163074,1.742700242,0.751555603,0.438374856
Gm9040,0.054447137,0.236912925,1.001605975,0.53196403,0.32731315,0.108332241
Gm9042,0.054447137,0.605497864,6.134802851,3.45087308,0.925092787,0.415546012
Gm9043,0.128193666,10.04436931,16.76195416,4.656112472,2.547511609,1.012063358
Gm9044,0.054447137,0.484202423,2.147915044,1.133715438,0.661304319,0.357563821
Gm9045,0.054447137,0.108168252,0.698105027,0.353336264,0.237186993,0.081369622
Gm9046,0.054447137,0.1868494,0.947267544,0.50473963,0.298059211,0.19178681
Gm9048,0.054447137,0.534242728,2.820239346,1.366657299,0.814792297,0.384440084
Gm9049,0.07905604,0.265584025,1.031501824,0.37650438,0.234919269,0.193219693
Gm9113,0.082660838,4.147390172,37.16935981,21.71983672,11.14474304,4.438946667
Gm9116,0.054447137,0.434117864,3.447120657,1.770540057,0.783134396,0.362958776
Gm9117,0.082660838,0.619314165,1.284880887,0.93924318,0.510147844,0.326453154
Gm9121,0.139024181,5.979340532,38.69536119,16.7435381,7.555912877,3.358784871
Gm9124,0.054447137,4.744315561,15.70633166,11.06552769,5.860679434,2.756689794
Gm9131,0.054447137,1.484186411,10.64826026,6.531899288,2.896754246,1.789566518
Gm9141,0.054447137,0.365545651,3.012348963,0.916422984,0.449335907,0.190417704
Gm9176,0.107269741,2.109416324,19.955899,10.31700095,4.552602145,2.709036034
Gm9207,0.244702526,1.178777517,2.175545795,1.448332622,0.907457039,0.609441953
Gm9214,0.110844041,0.634206852,1.873767279,0.869528019,0.672824474,0.330635123
Gm9286,0.054447137,0.32670946,0.839551456,0.283586589,0.200963346,0.136622848
Gm9381,0.054447137,0.083162635,1.166469293,1.02891628,0.230286668,0.109660228
Gm9519,0.110844041,11.72494417,24.11805959,9.120846556,5.316785087,2.63495374
Gm9573,0.139024181,2.163878136,2.285487876,0.613758635,0.174025427,0.245674912
Gm9586,0.054447137,0.59450689,1.909184028,0.923868655,0.388243074,0.082737743
Gm9611,0.054447137,0.831468334,1.728913915,1.226708198,0.381415064,0.108332241
Gm9621,0.054447137,3.934993385,7.568665066,5.21017078,1.655904249,1.339106343
Gm9732,0.241018749,0.892483469,1.921605112,1.575990083,1.06959119,0.244323248
Gm9758,0.054447137,2.519786389,2.645190211,1.253897222,0.857543858,0.356122824
Gnaz,5.686278487,9.170124702,9.922885219,8.62231643,4.550843504,1.773575282
Gpbp1l1,79.34451394,128.8203403,181.4805167,120.0870462,86.51563104,61.15622112
Gpt2,30.54096368,51.25502784,67.1488808,48.87680165,35.06651565,30.91389064
Gsg1l,0.156407366,1.955414434,3.389533343,1.343454848,0.886822921,0.547345334
Gtf2b,16.3300243,43.81948974,44.48506789,24.97972582,17.42218716,11.42926083
Guca1a,0.054447137,4.551404765,9.296544258,5.695679925,3.023290964,0.99594538
H1f1,2.042137301,2.957382626,7.707119006,4.49948431,2.163635398,0.744139828
H1f4,1.511635723,1.074793991,3.294038877,2.79483952,1.653766976,1.239581716
H2ac11,2.038605586,1.954867513,4.999870062,4.45704208,3.280108114,1.976230072
H2ac12,0.917138561,1.099773239,2.090818641,2.027182796,1.956611391,0.824967658
H2ax,566.7516461,295.6160125,634.7604332,432.1915557,299.1089095,177.211195
H2bc11,3.565473546,4.563326953,15.80743386,15.26532282,7.653023154,3.887820667
H2bc6,0.726416181,1.124844323,2.769726117,2.695000044,1.486922142,1.044520505
H2bc9,0.371124001,0.419396026,1.193762636,1.176062139,1.083203863,0.275341017
H3c1,1.824800889,2.62533294,11.24869502,10.30002626,6.127460234,2.201483735
H3c4,0.656040862,0.298028182,1.305195062,0.873392424,1.038225949,1.049854562
H3c6,1.167180042,1.586651097,5.212619903,5.046253738,3.510338534,1.526252095
H3c8,1.391443677,1.887549599,6.222324959,5.350025745,3.343807402,1.594969883
H4c12,0.346622635,1.021054702,3.063577558,2.31608459,1.547857518,1.319063646
H4c3,0.627827473,0.888810543,1.815258047,1.516739253,1.053745072,0.353414645
H4c4,2.432889554,2.840966986,7.255819306,6.293638682,3.654866642,1.713714367
H4c6,0.448600199,0.756356621,2.149116171,1.963428685,0.967880775,0.500326945
H4c8,1.16580125,0.828586687,2.7131645,2.657144292,1.4366643,0.810383908
H4c9,9.907370235,12.22767748,50.55127047,48.10676011,38.37207603,18.30776367
Hdac9,0.867546894,4.053625334,9.325064662,6.786769315,3.983237086,3.650956488
Hdc,0.648905426,2.300188367,2.554717204,1.429015117,1.002177867,0.578328728
Hdhd3,0.20192944,0.806341757,1.531274817,1.039948126,0.205616454,0.054447137
Hist1h2ap,1.359630998,1.622764605,3.062682665,2.996792106,2.409916786,1.436746393
Hist1h4m,0.969382625,1.178777517,5.655684718,5.403186318,2.590000979,1.09981848
Hjv,1.290332835,1.27507143,1.305195062,1.059982667,0.424583142,0.384440084
Hnf4aos,0.131852286,1.54070427,1.728913915,0.818783324,0.600509285,0.193219693
Hspa1b,162.6956753,18.0832315,218.1335586,163.0874736,40.14051758,22.24441831
Hyls1,10.40845533,21.51077076,29.81514207,19.56279597,17.61331248,11.50753574
Ier5,5.527304136,6.870473198,12.43643241,12.2521663,5.853120931,4.533984892
Ifna13,0.128193666,0.723975935,2.618574201,1.545065421,0.483160403,0.108332241
Ifrd1,30.52944102,58.41767484,72.96174821,64.19879918,43.96524029,33.73599798
Igfbp3,7.342813877,21.70810498,27.07351742,21.0069658,16.0737181,12.24553015
Il17f,0.705400525,1.750632104,2.252724406,1.9883007,1.960387059,0.496324254
Il17re,0.574981678,0.559139279,0.672103608,0.388512656,0.232582182,0.054447137
Il4ra,1.644608337,3.440929559,4.721111868,4.190394362,2.452615216,1.399961527
Il6ra,2.014282351,15.68107215,23.55330458,11.05077395,5.499250748,4.49943349
Inpp4b,0.135452944,8.556381945,24.98862505,8.825873408,4.818384904,1.731124579
Iqcf1,0.054447137,3.798423468,9.964140039,3.105870446,1.772861869,0.660523687
Irf2bp1,10.86331844,27.89493748,30.91087334,24.16494591,13.83865456,10.66022187
Irf4,0.054447137,0.294304941,0.864318305,0.694742446,0.349824038,0.054447137
Jun,8.548497447,8.045451526,18.63740727,15.00703718,7.924510672,10.14643667
Kcne1,0.054447137,0.817415896,1.057509675,0.430947271,0.086065973,0.19178681
Kcnn2,9.232194894,13.93911968,24.41462443,18.29687093,11.88789094,8.493221608
Kdm4dl,0.135452944,8.545264271,24.65360317,15.73989507,7.719594356,4.041818455
Kifc3,8.790661736,60.94014008,68.83170713,35.45871605,20.51481661,16.84135982
Klf9,37.6357563,156.2161346,222.9420647,208.751918,186.6078721,130.8475742
Klhdc7a,1.968386665,5.505982406,6.178507837,5.355578835,4.137234991,4.336031128
Klhdc9,3.723609279,3.416418609,4.427531425,2.947261572,1.689813536,1.459160044
Klhl6,0.054447137,4.96686889,8.059099312,3.8195827,1.804689843,0.905649909
Klrb1,0.054447137,0.723975935,0.996613388,0.559292031,0.205616454,0.081369622
Lclat1,7.740359652,16.33899459,21.3629938,17.25697306,14.13796477,12.44839499
Lcmt2,0.546882439,3.251518719,4.382303261,4.301863277,2.339614841,1.770298797
Limch1,2.126634309,25.84971424,54.66533829,28.09664445,14.34217248,8.297824967
Lmo4,4.871646553,10.45855238,15.17665018,11.59154002,10.49106126,8.347493468
Lmx1a,0.444863402,28.62097439,65.93816964,22.13241109,12.35245031,5.222060792
Lonp2,57.15595697,91.47047711,125.9783541,70.40017052,61.12802627,49.52237721
Lonrf3,6.394469369,16.492773,30.99074315,26.15147328,20.58469385,17.21268914
Lratd1,0.48036785,0.952739648,1.895877879,1.611203391,0.561957868,0.27260361
Lrmda,0.054447137,0.473043951,1.472986336,0.594459136,0.268756396,0.329246561
Lrr1,6.847110152,11.78700736,12.88297788,9.395537587,8.676862035,5.525717802
Lrrn4,2.541276978,35.21634771,75.42697509,35.7315285,18.48224683,9.261244594
Lysmd4,4.349384032,10.02792878,11.44986321,11.29833991,9.158051474,7.270044972
Lzts1,0.135452944,0.129461326,0.88870955,0.438911588,0.176285695,0.222900802
Mab21l2,0.054447137,0.53784947,0.925242319,0.36127635,0.180796941,0.13794059
Macrod2,6.941613529,7.075156599,8.937009205,7.097747296,5.328283435,3.884100706
Mad2l1bp,8.957440665,13.28295517,35.90468393,18.23610035,9.131785807,6.455374436
Magel2,0.135452944,1.550792373,5.637884538,4.514553356,1.033536952,0.877313142
Map10,0.779044494,3.595022709,3.996835279,3.322454055,2.841817022,2.474560793
Map2k3os,3.627017979,8.149976459,8.918503094,6.196811983,4.137234991,3.497501941
Map6d1,1.191265695,2.185490324,2.994634147,2.923817736,1.967285151,1.101344586
1-Mar,0.139024181,0.612957917,2.116441658,0.998303704,0.749345963,0.579761932
3-Mar,1.870574045,2.310585471,2.841576167,1.746765345,0.965963562,0.632231965
Mbd5,7.465811151,25.99972594,59.53744261,29.28830175,17.67725521,13.35888431
Mcf2,20.16159973,30.1115967,32.02311921,27.72444321,18.91763975,9.693654573
Mcm9,17.95137168,40.94173666,47.59345838,30.95552687,17.69338128,16.59043261
Mecom,0.107269741,2.32137005,3.944020099,2.524254866,1.852363832,0.77094377
Med26,10.90057111,22.48172203,32.13616587,24.25357857,16.4783523,10.85972037
Mfap2,0.708897726,0.455493435,0.803121772,0.628997243,0.178566874,0.139334588
Mfap3l,4.825346096,8.043910364,9.249220723,6.494082555,4.059567227,3.647726726
Mgll,2.647752321,21.89499424,46.9880461,23.57014792,11.38458954,7.064075585
Micu1,23.63025286,32.67330917,49.42444408,40.43560106,31.56668072,20.02943619
Mir8109,0.054447137,1.794649627,5.68431819,2.809654954,1.701427052,0.913986635
Mis12,13.24944418,37.70084723,48.53918492,29.80018226,15.8126312,10.19135774
Mlc1,0.07905604,0.240555892,0.749941094,0.435015461,0.325067069,0.190417704
Mlf1,6.598192348,4.951080718,6.919662616,6.40249677,3.726964001,2.374172089
Mpzl3,2.527848357,4.047037622,4.094159393,2.177685917,2.077094882,1.575410306
Msantd4,16.71999542,38.98286381,40.7959735,27.58113974,24.35471625,16.65454298
Msmb,0.054447137,1.654816058,2.096175726,0.990153756,0.507866305,0.16490321
Msra,5.675122446,11.53368392,19.97115828,14.0920093,10.79385666,7.477213771
Muc4,0.948065454,0.759838503,1.02884957,0.672091508,0.176285695,0.111018105
Naalad2,0.33571203,2.380226482,6.802781188,3.843778067,1.538557189,1.203341525
Nabp1,36.8362389,65.37246847,102.1512581,96.73915777,57.6401181,37.69822028
Nagk,6.31825514,12.62867856,14.25297985,14.19305969,13.45968616,12.26784919
Nags,2.260333984,2.857409925,8.666497836,7.857209249,2.305497302,0.749584738
Nanos1,7.597702184,10.53549499,10.56112331,8.807649351,5.986380896,2.902879643
Nap1l2,0.874421485,2.29445409,3.340703234,2.018368015,1.761907432,1.334182637
Nap1l3,0.867546894,2.291466264,2.987622053,2.741441619,1.09902172,1.017220486
Narf,31.63610509,31.88941098,32.21378184,18.42440129,13.28530704,15.44962683
Nat8f2,0.329203038,12.4383684,44.64277684,18.31571826,6.221474766,2.795884551
Nat8f4,2.654617951,4.558057423,5.339031534,4.050582157,2.815949823,2.162583692
Nceh1,13.57847213,24.54834997,31.3501535,28.49284378,21.35125917,19.97455695
Nedd9,1.360513187,2.034459615,5.68880295,3.727799938,1.423714824,0.719851281
Nek10,0.606997332,5.330567809,13.36931256,4.953248885,2.178902986,1.560477044
Nelfa,66.05745158,263.7646704,799.8755708,384.0158852,198.6756213,114.8912493
Neto2,2.845191747,34.23467068,65.75596673,35.57009144,22.56598703,11.54292323
Ngef,3.258400149,3.627658536,4.486361375,2.518040247,1.399115005,1.325981052
Nim1k,0.902745856,1.758343501,2.068965976,1.782490461,1.443761252,0.470659176
Ninj2,0.110844041,0.845365232,1.894785658,0.710720401,0.449335907,0.335996157
Nlrp14,1.570611032,1.647339459,2.08958522,0.896784573,0.473985354,0.245674912
Nphs1,23.29646037,45.50675044,54.14179552,44.8333187,41.29676465,30.14283836
Nr5a2,26.85511714,51.46338354,62.03550204,38.39390579,33.47059694,27.92170382
Nsun3,3.256055091,6.685393487,6.864362417,6.856888922,3.772516696,3.068349802
Nxt1,45.21041522,45.68031771,47.16585327,35.70270982,27.94584206,20.54963229
Obox3,0.054447137,0.534242728,1.001605975,0.450364982,0.142406592,0.22418704
Obox6,1.127730794,2.084314334,2.152268572,0.889198901,0.268756396,0.273991395
Olfr118,0.054447137,0.501725229,1.362369883,0.489567862,0.207856235,0.445045354
Olfr1276,0.082660838,2.322852163,3.410890237,1.378518943,0.456136137,0.439622089
Olfr1425,0.082660838,3.514615866,3.64413397,1.798001474,0.485390076,0.218698067
Olfr1428,0.054447137,0.627609468,0.70341602,0.132157877,0.054447137,0.054447137
Olfr161,0.054447137,1.210865703,1.647057136,0.998303704,0.363628297,0.111018105
Olfr328,0.054447137,0.248022236,0.665769046,0.485407977,0.115405308,0.111018105
Olfr329,0.103638586,2.822018839,9.659500573,3.85681372,1.238444456,0.358843846
Olfr330,0.07905604,0.340634805,1.811943801,0.512735978,0.302736936,0.081369622
Olfr376,0.07905604,3.76313938,20.12493851,13.55144804,6.040815682,2.549444146
Olfr449,0.054447137,0.941889339,1.816730858,0.799699108,0.329665813,0.163506448
Olfr450,0.07905604,1.665772832,4.79489787,2.072250887,0.699701728,0.330635123
Olfr76,0.054447137,0.541605407,0.899204538,0.174688069,0.113075833,0.081369622
Olfr787,0.054447137,4.613190036,12.57095354,7.321243564,2.882291215,1.44324595
Olfr815,0.054447137,4.055660039,8.211103444,3.369417941,2.082331807,0.631022129
Olfr881,0.07905604,3.930613823,10.69042501,3.745082896,2.035555723,1.342108176
Orai1,7.092385949,22.60045012,31.28310684,18.31099135,10.63722482,7.19864487
Otud1,4.713142574,9.967208332,14.07784754,13.95497873,9.816431591,10.04270154
Otud6a,9.112193341,5.926997449,10.95883232,9.318441728,6.16332138,4.280849216
P4ha2,43.48721744,191.7383937,233.0763046,134.5764179,63.02845584,37.03373554
Paqr5,1.989757726,2.578011067,3.480324609,2.507721935,1.547857518,0.801945117
Parp8,0.363960069,0.498126388,2.166860968,1.153742967,0.595813813,0.331867001
Pcdh8,0.776018291,1.672892459,12.15564171,9.273206271,2.919892084,1.631869719
Pcyt1a,9.326664429,22.27120213,25.2771531,21.49610129,16.63032801,9.800489744
Pdgfrl,2.55295434,19.82590853,39.36204377,19.55162935,10.27104085,8.428398089
Pemt,2.560328823,10.1877826,34.90379242,19.54876476,11.79742143,6.797128987
Pex12,4.986227122,9.893573809,11.27803674,9.607874957,9.710389498,6.932662206
Pglyrp1,4.784944417,20.89447937,35.90468393,16.06142191,9.699119912,5.648912714
Phf11a,0.054447137,13.34466948,32.13510988,11.99189137,4.48440025,1.646309794
Phf11c,1.163168544,3.801736332,4.057686739,3.804552075,2.273647601,1.289715217
Pla2g5,4.063462418,7.144633141,7.841737724,5.573010686,4.95033116,2.492373415
Plaat3,27.6972505,28.27820443,36.52332922,24.02147171,19.74144522,14.82296428
Platr16,1.078517739,1.343620366,2.787565192,2.462215422,1.186839411,0.882635028
Platr25,4.392793328,13.08106939,13.895083,13.64689083,7.906890897,8.853103756
Platr31,0.248250601,4.167256143,8.617631741,3.851537101,1.274620921,0.912547771
Plcb1,0.473134055,4.391487056,15.3963823,6.911176927,3.269428934,2.012817817
Plcxd2,4.59046633,8.056858259,8.215953896,6.453571451,3.532454132,2.108761015
Popdc3,0.638048883,1.53992924,2.477259013,1.374693207,0.938736467,0.601123906
Pou6f1,5.911803871,6.355821025,7.332399014,6.436714305,3.210403486,2.818507513
Pou6f2,0.103638586,0.645222241,2.787565192,1.165198792,0.796933438,0.24701455
Ppig,87.07372632,218.6571167,405.6304595,231.8244476,156.6230604,118.2032362
Ppp1r10,3.742820148,24.3195143,27.7805043,17.96768993,12.10869742,6.502293145
Ppp1r3b,6.182590716,10.3780521,10.46258715,8.418102562,6.699230731,4.146464911
Pramef25,0.282918591,35.65697195,80.42990984,37.02312741,19.2318349,9.473288512
Pramef6,0.082660838,1.54070427,3.183583315,2.608558228,1.155498995,0.719851281
Pramef8,10.97705466,15.11834685,20.83932975,13.38931615,8.351202565,5.088603288
Prex2,5.573185472,35.59990743,71.26726898,36.76089935,21.27170928,16.16798437
Prickle1,1.107247119,1.217836327,2.981239893,2.689999931,1.450599652,0.579761932
Prima1,0.744394101,1.292673013,1.475648412,1.223571879,0.787653178,0.273991395
Prkch,0.656040862,8.641867189,38.59824484,14.4352998,8.001474748,3.662657001
Prkn,1.095012916,3.61900419,7.240212759,4.728234001,2.477446934,1.386786537
Proca1,1.66686885,2.295009928,2.417811752,1.043938275,0.803230009,0.691499281
Prps1,138.5295465,169.3685482,268.6444916,159.9046328,139.4535373,99.02297488
Prr18,0.574981678,34.61858027,58.33328054,26.81107264,14.03663996,7.768177201
Ptprz1,0.881531286,2.216397427,2.551663383,1.883217481,0.931994256,0.830346493
Rad51ap2,0.054447137,0.548111524,0.61112208,0.555273979,0.234919269,0.081369622
Rasgef1c,0.62417625,0.913828563,1.786625145,0.839023949,0.688481799,0.440997952
Rbm12,17.83940313,20.55084378,20.62261969,16.38557071,8.215678693,6.318553636
Rbm12b1,2.404714005,6.303174048,6.791642603,5.721925762,4.570633701,2.818507513
Rbm8a2,0.18821563,0.520200827,2.616803197,1.548984134,0.514713398,0.245674912
Rdh14,2.623116377,4.544134525,6.378932773,5.702419315,3.213368828,2.783666498
Rem1,0.378395998,2.692167501,4.89015193,2.04308739,1.250392226,1.075496716
Rfesd,2.116228024,6.075031428,6.181320412,5.828313578,3.422740292,2.275923944
Rfpl4b,0.07905604,0.258299621,1.664746656,0.694742446,0.419947771,0.276747022
Rfxank,3.256055091,5.48812768,6.403814035,4.270894348,2.55175842,2.591420918
Rgs2,0.603263389,1.189036824,2.684590281,1.995326715,0.936601347,0.221546161
Ric3,8.177781697,42.56776161,88.95495839,46.11077768,28.91115713,21.91835965
Rimklb,39.6407532,114.0485461,301.42603,299.011792,148.3380315,56.66244345
Rin2,7.737302473,8.286486605,9.085914822,6.441341631,4.969676107,3.71885264
Ripply1,0.719914656,1.299852422,2.754271593,2.244893003,1.021982855,0.604047499
Rnd1,7.095933385,10.8162246,12.91622244,7.046472659,3.03857648,2.123818085
Rnf135,1.113909807,2.359448338,2.480417998,2.291494628,1.629355528,0.854444429
Robo1,53.28617323,102.9286211,177.6682323,112.1815325,69.28289739,57.53194935
Rsl1,1.117282874,3.093643825,3.231259919,2.511074426,1.746326374,1.883997043
Rxra,10.95564677,40.40858619,120.5946571,65.52846836,33.55822148,25.285391
Ryr3,0.525982455,3.146256515,3.56330737,1.513964964,0.970619033,0.57720205
S1pr3,0.923650529,1.931627723,2.03057822,1.397437632,0.146996334,0.391250497
Satb2,1.911701909,7.133367311,14.46091146,7.876281327,3.624821418,2.204377746
Scamp1,31.28817996,129.1187003,225.8305421,99.63014954,71.42984238,51.71486115
Sdr42e1,2.141318489,2.152662095,2.618574201,1.983571164,0.87814587,0.608066678
Sec14l2,9.726339974,10.11059427,10.74290226,10.22646105,6.30030956,4.302390948
Selenop,6.442100993,4.167256143,7.136331983,6.239290864,3.030120388,1.580448714
Serpinb1a,1.81741628,5.397937466,9.04491865,5.216219292,2.175326844,1.321852995
Serpinb1c,0.082660838,2.103149805,2.363225066,0.807533689,0.534833995,0.24701455
Serpini1,5.197308599,5.888360655,5.953263042,3.557344773,3.356774233,2.466727599
Sertm1,0.842940185,1.371341012,1.635118965,1.269837671,0.478587242,0.276747022
Sesn2,42.24380628,64.53435319,117.4248835,117.1734716,78.17369197,54.54354878
Sft2d3,4.060666118,8.559972344,11.51003504,7.669460569,4.952828401,3.268376375
Sfta2,0.110844041,1.60801606,2.562033281,1.436343294,0.478587242,0.248429761
Sgk3,8.369122863,14.32706176,25.14225134,23.34835897,12.55977796,12.11358638
Sh3d21,2.193713296,1.565589285,2.33990363,2.18245679,0.580147578,0.806250251
Sh3gl3,11.81615969,11.56324693,14.0458146,11.7570123,7.806261438,5.680572806
Sh3kbp1,3.482290143,22.98395566,66.10022432,29.55869115,14.95695634,6.731835858
Sh3yl1,2.644152576,5.194603551,6.537887921,6.246430891,4.477503415,4.320896465
Slc10a3,0.191881123,1.690070784,1.735268244,1.08336508,0.390624449,0.719851281
Slc10a6,0.462242309,9.014639019,28.26609896,10.0145942,5.45024985,2.389527237
Slc16a6,3.896036315,30.45293023,60.22463399,27.87936715,17.43293248,9.79463999
Slc1a4,8.577320767,41.18071633,67.27958045,57.76197358,31.15212034,23.17979484
Slc22a28,0.054447137,0.323056315,0.918944671,0.387969161,0.144694669,0.111018105
Slc25a10,2.038605586,4.182564318,4.784297515,4.037865283,2.576396902,1.408201105
Slc25a29,1.384783624,1.708291822,2.248497456,1.529236945,0.87814587,0.608066678
Slc25a31,4.742183914,7.175666843,9.023277284,6.427720101,4.302795761,2.874599983
Slc26a1,0.163633084,8.609926273,24.46565049,13.8998783,7.49745315,3.30500286
Slc27a2,2.626171716,9.694054259,12.55618196,11.35287965,8.921183235,4.315523163
Slc30a1,24.47156831,42.34152676,51.12712447,45.85531257,32.28965228,21.97757114
Slc34a2,0.416732782,0.730573282,1.821892733,1.094536642,0.388243074,0.440997952
Slc35e3,7.953459438,22.06678285,33.96567324,29.43012719,18.36008433,13.65292938
Slc39a3,3.277342601,6.744658034,7.486217542,7.134451809,7.245232858,7.223065582
Slc41a2,0.75462957,0.595196231,0.778514542,0.761203456,0.259674804,0.054447137
Slc46a3,1.18427275,1.693370137,1.915585524,1.196141218,0.850694823,0.414121689
Slc7a11,0.293895486,0.942628066,1.414578073,1.24240701,0.762743373,0.847507334
Slc9a9,0.054447137,0.526807666,2.779822727,1.11842423,0.638859037,0.298172792
Slfn2,0.054447137,6.929010816,8.437172876,2.996792106,1.755398231,0.687498317
Smim19,2.098436889,4.924722765,5.636495167,5.461284358,4.133474144,3.439208133
Smpd3,0.667121378,1.071155354,1.171642566,0.994458679,0.237186993,0.189103943
Snai3,4.750163117,14.3828913,17.41145604,14.52223569,17.05948923,11.02615271
Snora43,6.185209133,7.222779618,8.096910147,8.003195274,6.300644412,3.491351083
Snrk,2.525404774,7.904852551,10.50824315,9.959111112,6.388937374,4.504161187
Snw1,46.31810245,85.34778551,102.0415195,79.27221414,66.57947296,53.17241677
Snx29,7.516453211,12.36072437,22.54568727,15.66579233,9.872223844,9.429111783
Sowahc,7.280447058,7.458030472,8.153312036,6.39038244,3.628035543,2.668999464
Sox17,0.916685902,2.91277002,3.137342232,2.446400435,1.566187136,0.578328728
Sp110,0.314754523,42.52203169,162.7427104,98.9195197,35.28847328,12.61012336
Sp140,0.184590569,15.86936488,37.5580409,21.86353888,6.372395154,2.445483672
Spdye4b,0.054447137,3.448581636,13.44619031,5.747555926,2.648071546,1.36097927
Speer4a,0.054447137,0.436941831,0.91595251,0.757351351,0.32731315,0.135215842
Speer4cos,0.07905604,1.915030032,2.76830811,1.037507707,0.537296653,0.300920093
Speer4d,0.054447137,0.584221716,0.587786437,0.357312541,0.144694669,0.108332241
Speer4e,0.054447137,1.399958896,1.842909103,0.45430296,0.268756396,0.081369622
Spesp1,2.133166253,43.5656284,115.7163661,55.36495844,26.12433425,11.32254139
Spock3,0.269257606,0.834906076,1.593694506,0.641015189,0.875694822,0.244323248
Spopfm1,0.128193666,11.83168188,80.00521739,43.33482678,19.76774537,7.093917301
Spopfm2,0.054447137,1.296367569,14.69755474,6.349858644,3.630908721,1.239581716
Spopfm3,0.07905604,3.065743447,18.59911262,12.33491138,5.185941985,2.687570579
Sprr2e,0.054447137,0.771096258,2.012028433,0.787733413,0.519235739,0.109660228
Spry2,22.87875961,150.7981224,175.322341,116.7011887,79.4532681,69.13060457
Sptssb,0.054447137,0.688069631,1.030266081,0.508763666,0.332067695,0.190417704
Spz1,0.110844041,21.11220772,59.19905192,23.69234387,7.942165989,3.12054574
Srsf5,236.6421348,473.2658516,529.5049623,437.5636325,344.6828541,266.3790227
Stk32c,3.098833729,18.37373302,35.96653476,17.1837536,7.447665361,3.520173859
Stox1,0.18821563,3.599737914,6.65440863,3.23303451,2.23131988,1.468955565
Stx17,6.572810921,12.12199468,14.28241199,13.40462057,9.958389677,9.536525779
Susd3,1.113316547,1.493530406,2.416607766,1.875443997,1.157477197,0.661982983
Sva,0.054447137,1.138804948,1.814276201,0.827523233,0.449335907,0.16490321
Svopl,0.466001721,1.286019457,1.401559993,0.310891138,0.293496529,0.166257073
Sycp1,3.379351392,6.045648096,8.319490752,8.209016589,7.218629587,6.909237455
Sytl2,0.163633084,1.579727202,1.666478358,0.98560749,0.575622343,0.551470211
Tacr3,0.082660838,3.904200224,18.71922904,8.10804456,3.280532873,1.818782851
Taf4b,27.83944548,36.5254961,40.6733658,32.06698882,22.63166852,17.12961571
Tbc1d12,8.334694211,36.74446479,57.80809466,28.56170844,15.96184163,11.8188155
Tbc1d23,29.01209377,83.81046952,110.8599424,56.60810505,42.6433611,34.35640119
Tbcc,3.172478022,9.626655461,14.48623992,8.55636278,4.270877485,2.232297278
Tcaf2,7.340406373,10.31936159,12.09196264,8.030510779,4.768447042,3.805769024
Tcstv1,0.107269741,23.02633266,60.93190361,29.88261031,10.86695571,3.857328362
Tcstv3,0.16727222,26.44141757,118.2603282,62.68303457,23.08275421,7.169357631
Tdpoz1,0.054447137,2.885752962,11.18127247,4.088559903,2.367047605,1.59945817
Tdpoz2,0.07905604,1.365537303,9.306889097,5.001708157,1.692562846,0.905649909
Tdpoz4,0.107269741,9.055563428,81.03701612,28.98307223,17.67764461,7.194835357
Tdpoz5,0.054447137,1.615717138,18.62037769,8.185648992,3.493282367,1.606003275
Tdpoz6,0.054447137,0.319271163,1.924510781,0.799699108,0.41763121,0.220103293
Tdpoz8,0.244702526,37.25434169,134.6527755,64.26886687,28.5926586,11.80298751
Tdpoz9,0.082660838,3.780459874,10.21576244,4.576827243,2.416588768,1.401278119
Tent5c,2.299660483,5.045011584,5.606749363,3.540914176,1.385335174,0.820716676
Terc,0.849692309,10.56430218,24.18105106,17.16038925,5.406361718,2.099209426
Tesmin,2.109305664,2.70420076,3.84310141,2.430028621,1.721296014,1.266574038
Tex19.1,27.62477104,42.27501102,50.39253506,35.6094805,19.72867105,12.61012336
Tfcp2,13.96334676,23.90309828,29.81356526,24.97669157,17.76002542,17.55422468
Tha1,1.55366498,2.900171327,3.091196915,2.355641233,1.498222987,1.07292188
Thnsl2,7.339316141,7.481465564,8.757889594,6.202515261,4.255643754,2.672469328
Ticrr,48.85905826,71.84751036,107.3162954,85.74821041,60.00338518,56.10401418
Tigd2,6.45511818,12.1341666,14.97764665,13.15862585,10.67462075,8.116944366
Tigd3,1.349324151,3.437171582,3.625153124,2.38002554,0.720034794,0.656384388
Tktl2,1.986465555,2.92137094,4.048496498,1.976390567,1.592903021,1.107953854
Tlr2,2.042412627,4.681763499,5.170967805,3.652421788,2.513415885,1.976230072
Tmem125,1.127730794,3.068594621,3.516552816,1.928950196,1.150626023,0.657826071
Tmem132c,2.382769992,52.39932004,237.7871715,90.49495407,40.10592182,19.92495065
Tmem140,1.057404751,1.594366532,1.726401681,1.602626259,0.821452784,0.388569166
Tmem150c,0.63896224,1.580319328,2.447798424,1.351243838,1.150626023,0.547345334
Tmem158,8.21288392,7.410883997,9.297337357,8.011397129,5.139119443,2.7378483
Tmem175,3.813252807,11.14395359,13.78246546,9.392273418,10.39065834,7.761153271
Tmem177,15.72070871,23.08521111,29.16208933,24.45552822,15.47442417,10.97600672
Tmem211,0.987432906,1.322381624,2.599704844,2.437701005,2.123016467,1.36097927
Tmem229b,2.373377113,3.134343909,3.734809498,3.064404864,1.328885621,1.639661703
Tmem246,1.791995631,3.734819872,3.759068261,3.227433863,2.572190781,1.375764873
Tmem72,0.07905604,0.713087651,0.805725997,0.57504683,0.334297538,0.221546161
Tmem92,0.427493892,32.8443399,42.22033256,26.50620929,15.94723358,8.252449334
Tmtc2,1.510861058,2.053098126,4.631192319,4.507461204,2.782054996,1.917628442
Tnfrsf19,7.315644225,11.45972401,15.9193334,12.69109564,9.111517725,4.357499185
Tnfrsf25,1.113316547,1.504890516,2.63138154,2.194375517,1.739515153,0.691499281
Tpo,0.483988991,3.573881385,9.472742762,5.770312323,2.358170328,0.663261961
Trabd2b,0.07905604,2.381860171,8.16003872,3.800284765,2.100357084,0.935296106
Traf3ip3,0.726416181,0.133206271,0.776026301,0.671398447,0.575622343,0.711849959
Trak2,35.8418417,71.08768331,90.89842108,61.49487192,39.55380879,32.50008233
Tram1l1,0.740684685,2.308832455,3.879689924,3.197704028,1.543683925,2.012817817
Trim21,1.887483167,2.678688968,3.484617606,2.887859085,1.99415781,1.130530839
Trim43a,0.131852286,0.426788373,1.505106983,0.780449606,0.62287564,0.631022129
Trim75,0.177428075,31.07791054,65.68650223,26.07384204,9.636655379,3.360093527
Trip11,12.5498164,26.20155641,27.92707898,26.31144563,17.64505067,20.24777375
Trmt12,0.286506484,1.486796751,1.97032067,1.471511703,0.90483913,0.633678238
Tsen2,19.7001967,68.52255391,84.496658,44.49975067,31.33205021,22.71398838
Tsga8,0.107269741,0.376703814,2.33990363,1.056707996,0.392931112,0.16490321
Tspyl4,1.130933925,3.131996997,4.458769569,2.648585116,2.233240433,1.264120485
Ttc29,1.427138715,2.46739104,2.645190211,1.819731997,1.06068439,0.597091975
Ttc30b,0.082660838,5.903221792,22.26446226,9.254313086,6.772113419,2.92516802
Ttll13,1.071261329,1.990895959,2.889942648,2.403336842,1.268058784,0.997117684
Ttll7,4.531245301,4.349579497,4.846798457,4.66501553,1.746312099,1.122510998
Ttpal,9.214194914,15.82605999,15.96579481,12.40771509,7.695215204,6.735062748
Tubg2,2.889905226,4.536250763,5.310956715,4.806455265,2.820025134,2.19814308
Uap1,89.02066622,128.8149032,226.8926808,147.4039915,101.6362821,69.94387923
Ubtfl1,0.054447137,8.694817248,14.1968816,5.50553164,2.287474984,0.991888081
Ufsp1,1.613779545,2.603280308,3.355819831,2.243658928,1.248051654,1.2128111
Ulbp1,7.457849389,13.60280209,19.23685174,13.6410414,9.215360944,9.329386469
Unc5d,0.223641698,1.021054702,1.191254013,0.644898907,0.483160403,0.278072144
Ush2a,0.262005119,10.63345267,14.82217991,5.180117833,1.942743851,1.350047692
Usp17la,0.332902203,34.03534134,68.38944127,30.70824485,14.65736792,5.751449125
Usp17lb,0.614213079,44.75964436,116.9364272,52.6917155,21.75949042,7.828578891
Usp17lc,0.223641698,90.94660221,241.0445005,100.9643173,48.85152922,19.94113257
Usp17ld,0.20922845,28.08117266,87.15933371,37.81923121,15.13698053,5.788899925
Usp17le,0.656040862,84.31780735,128.5793046,59.64034085,25.64812552,9.332429063
Usp26,35.60118555,39.3026643,48.92472217,32.51103504,18.66604929,13.77922379
Vmn1r227,0.054447137,6.442237024,7.320770212,2.468423795,1.306448896,0.436916113
Vmn1r88,0.082660838,11.24710091,27.06205735,12.89640459,5.801798081,2.860781807
Vmn2r12,0.054447137,4.980245755,7.478095329,2.625230397,1.13692999,0.467971233
Vmn2r52,0.054447137,0.423017941,1.582239069,0.443065057,0.24410824,0.135215842
Vmn2r94,0.054447137,1.41420095,4.69747969,1.780773769,0.575622343,0.440997952
Wnt2b,0.22011998,0.673186942,1.061618513,0.9669917,0.516910885,0.276747022
Wtap,62.68710518,109.1752895,162.8664726,108.4598284,91.58812948,70.9661222
Zbtb11,32.7311946,34.72954484,37.54562405,23.035874,15.95924958,13.32221514
Zc2hc1c,0.322026107,1.629777982,2.202402233,1.591326892,1.311258971,0.796630892
Zc3h10,18.72941938,24.67629443,26.69954715,24.92736492,16.1062177,11.22275415
Zcchc12,5.928391484,12.83999616,16.88032816,11.36590549,6.68093446,3.227687218
Zfand2a,7.766644593,17.44295868,45.13041288,33.42836489,20.51788943,14.42302063
Zfp1,6.078863336,12.39848206,12.6213637,11.64683487,11.36356069,7.406251135
Zfp113,1.989757726,4.317250813,4.972732771,3.954107106,2.813606617,2.372652437
Zfp119b,1.100289519,3.539775655,4.17899405,3.08980254,1.624563832,1.483718379
Zfp184,4.896479074,15.62494909,16.3704512,10.68023286,6.890150354,3.666954873
Zfp267,4.067913222,9.876720322,11.36626015,8.82768198,6.574859429,4.944636359
Zfp352,0.07905604,33.80438804,74.71754322,26.70056487,11.69409264,4.374056244
Zfp354b,1.085800958,1.235926353,1.255220964,0.838443828,0.70221261,0.278072144
Zfp472,4.660815847,10.97164559,11.63719025,9.750416039,6.391483996,4.733095057
Zfp51,2.785719324,14.54016536,25.15024902,13.05556309,9.200817685,5.127039128
Zfp516,51.91932123,200.235673,283.28537,177.4422909,109.0793555,76.00315032
Zfp53,6.197753162,7.66221804,9.803813633,7.470523804,4.13673274,3.410890237
Zfp560,2.145992587,18.44940221,31.8451417,16.08932719,10.6580089,5.495024479
Zfp574,13.55744721,24.78862024,36.05182397,35.38392491,21.87023785,19.68091442
Zfp599,0.927368191,7.317031436,10.16893582,8.394161554,5.04055902,3.601367011
Zfp612,0.269257606,1.032298059,1.414578073,1.234693399,0.990391498,0.687498317
Zfp628,1.240478749,3.599737914,4.585336528,4.035007738,1.834133511,1.688085206
Zfp677,0.58595477,1.278597113,1.693297811,1.351243838,0.478587242,0.661982983
Zfp689,1.324267431,4.195890578,6.072144345,4.864032382,3.527122672,1.874341288
Zfp69,2.989395634,5.647041453,5.804942656,3.995550264,3.548913438,2.091909327
Zfp703,0.483988991,0.437887845,1.637927202,1.513964964,0.638859037,0.543182792
Zfp707,13.22745659,14.64411648,23.71229116,20.16971017,13.26553789,8.793851813
Zfp712,1.047343647,3.160711941,3.626473408,3.478496281,2.673951515,1.433617544
Zfp74,8.130092106,13.93150874,14.25130551,9.530659164,7.332381322,4.567883587
Zfp788,5.574886759,11.03922716,12.02499416,11.27118479,8.89146082,5.679559349
Zfp791,1.058203589,3.83417198,5.23257348,3.314908914,1.450599652,0.912547771
Zfp809,8.495362128,69.25285218,113.0251792,68.28814134,39.61297778,26.36697569
Zfp9,0.842940185,1.615167824,2.17970426,1.883217481,1.353976089,0.602669108
Zfp936,1.5299769,4.439642499,7.472032757,5.960364674,3.267657112,2.27147035
Zfp939,0.818317849,2.198066555,2.366183141,1.716657185,0.981618858,1.218050652
Zfp948,7.456833673,8.86485359,11.33990512,7.754994321,5.722515273,3.305874731
Zfp952,4.70273289,9.847827064,12.71216521,10.50970363,8.768141289,5.72123235
Zfp954,5.821277458,7.588703247,8.899753919,6.209097856,3.923901709,3.336452753
Zfp961,30.583046,55.45042713,65.83009825,57.44926769,50.76560935,39.65970285
Zfp977,0.512215368,2.682499813,2.839712193,2.290190363,1.394682696,1.107953854
Zfp978,4.83343857,10.52678427,11.07947492,7.082914167,5.48259891,4.757112104
Zkscan14,2.757192453,6.154020216,6.428473449,4.071226087,4.070016539,2.204377746
Zkscan7,5.608775407,9.805255405,13.82219708,12.87427334,8.676291354,6.474643707
Zmiz1,12.84775198,32.60111008,39.54022702,29.54824104,18.59864881,20.63228874
Znhit2,3.920719547,10.61262434,12.3120653,7.869513636,4.861900046,4.090907398
Zscan4a,0.561420914,101.652422,142.3713102,71.49276515,39.08747863,17.18540906
Zscan4b,0.371124001,48.9472433,70.26729643,35.46115779,23.40061283,11.04070614
Zscan4c,0.83552918,129.1655903,190.4351134,107.0154619,65.41341163,28.02384994
Zscan4d,0.610703931,115.2659331,193.9005909,82.71219058,44.46796666,17.48596013
Zscan4e,0.705400525,85.70391574,136.163821,70.54641082,36.93197111,18.71087896
Zscan4f,1.0995857,152.1728603,258.1384765,144.3816281,73.90999365,29.70068935
Zswim2,0.054447137,0.745416391,1.492325968,1.397437632,0.663583089,0.329246561
Zswim3,5.923982054,18.24588711,21.15706981,16.32447046,8.390026956,5.37960699
