gene,zy,early2cell,mid_late_2cell,4cell,8C-16C,blastocyst
0610005C13Rik,0,0.058993284,24.73056875,42.08242286,15.15402984,0.605906803
1700092M07Rik,0.379872984,0.605555187,1.449776774,7.459606638,1.551862021,0.548323188
1700123O20Rik,0,0.07922208,25.55761147,44.25346431,65.45032491,146.1868754
2200002D01Rik,0,0,2.475596728,1.859252661,8.005535417,26.87489586
2210016F16Rik,0.036316856,0.792477278,24.53191485,53.79946563,17.99465834,19.51746529
2210408I21Rik,6.750340411,6.178935292,5.824145377,11.4244701,3.717543355,3.674253779
2210418O10Rik,0.073719501,0.081434878,0.220229976,0.150155669,0.159873983,1.15460013
2310011J03Rik,2.152458939,2.898233462,40.47452319,85.42561009,43.4767694,20.47580344
2500004C02Rik,0.557456118,1.123385659,1.040967674,12.62828724,6.451903746,2.029703968
2700081O15Rik,0,0.105778879,4.232451585,4.305594324,6.143962225,2.680144576
3830432H09Rik,0,0,1.031649006,1.535914415,0.016710392,0.023347779
4930453N24Rik,52.47306351,66.3942037,223.3389979,285.9521366,60.88097819,40.25950648
4930513N10Rik,0.836634204,2.140936423,2.922076017,6.395953217,3.362185113,1.085808488
4933408N05Rik,2.214953934,2.513978717,3.91810805,0.082959831,6.200765541,0.732869721
5730507C01Rik,0,0.011696399,1.559546233,3.519396756,2.769382085,9.361322428
9330159F19Rik,1.168469925,0.930833424,1.115982022,0.004413158,0.001325082,0.007590782
Abcb5,7.502336696,16.69597966,12.5924549,23.67609334,22.21200946,0.044880548
Acat2,34.51433428,50.40240836,36.50485975,90.84603107,96.06180492,156.5567438
Acta1,0.101562817,0.214285422,0.794609015,0.519310138,4.436003703,14.89013079
Adam21,0,0,0,0.004413158,0,0.000812952
Adipoq,0,0,0.252626573,0,0.003397484,0
Adsl,5.62274979,8.653985092,96.18902853,108.4868852,155.6145498,78.8333069
Aebp1,0,0,0.03335033,0,6.966938107,1.360759392
AF357399,0,0,0.445554675,0,0.634998537,0.245206898
Agtrap,7.056483496,2.083111675,13.09731632,34.42243546,43.49266306,185.8599458
Alg2,28.44252442,6.963009647,10.00570195,24.88856638,25.29815985,11.594968
Amd1,44.99388838,43.65781259,109.5804682,108.0686669,63.74096544,32.92275053
Amd2,60.20874352,64.11650528,107.1993737,97.87576023,51.22041801,29.23231763
Angptl4,0,0.085134392,0.157149588,13.14022128,9.521908823,22.00724164
Ankrd36,3.428252876,3.256621352,2.450204245,0.082310831,0.661572624,1.117553278
Anxa1,3.139093648,1.746726839,0.889298189,0,3.870298401,0
Ap4s1,1.660266402,0.438746654,21.02215631,59.31913598,79.74695011,14.22775595
Apex2,71.60234306,46.7246657,64.44079258,22.14863151,18.45972912,22.2282685
Apol6,4.596237681,5.419034327,0.638019103,0,0,1.042122846
Apol7b,0,0,18.41468295,31.24218612,0.097849789,0.4294505
Arhgap35,68.0633291,49.1393243,64.60422236,47.29232082,77.40667062,65.81904132
Arid1a,1234.106677,1064.626064,606.8607994,698.7324062,440.3538581,279.1773038
Arl16,0,2.475979154,7.672749232,14.73467771,6.676099499,11.70828579
Armh2,0,0,0,0,0,0.090539528
Arpc4,18.40002251,34.79041455,14.4500365,58.74740346,190.1340396,441.0428996
Arrdc3,15.36197428,16.22323286,26.28297462,1.139278597,2.059702871,6.587940636
Asap3,0,0,0.163039692,0.004413158,3.745236339,2.087604222
Asb16,1.398198967,0.95842776,5.650397049,17.09811595,22.10430209,4.216962917
Aurka,525.3871502,617.3020475,211.2387777,514.3055046,516.6275653,299.4744607
AV205837,0,0,0.001966468,0,0,0
B020031M17Rik,0.02243275,0.664817445,138.4738609,2.35361266,0.098949876,0.001176633
B3gnt3,0,0.773779325,1.344807012,0.214965974,0.409419893,5.650374038
B3gnt7,47.55411219,39.10616482,9.994862876,6.8760054,1.669439587,59.67110643
Bend3,30.71710224,34.03335422,70.42733027,177.2164983,118.1278347,51.50376781
Bok,0,0,0.395533785,7.054780401,66.98810172,31.56472972
Bop1,17.41702271,14.67966429,71.00474063,152.5824023,107.8253733,50.19750689
Bzw1,91.89373297,101.8844657,628.5205206,843.1109555,799.8543476,766.2466889
C1d,0.621122522,5.237439712,269.6875411,194.4247745,213.133802,205.1490435
Calcoco2,0,0.406490954,147.2474926,179.5266093,1306.089429,1248.34631
Cand1,274.7129768,441.8242351,736.2215939,996.9353616,953.9669049,325.9001803
Casq2,0.439089927,0.430734825,0.006472722,0,0,2.465108848
Castor1,18.37334139,9.988729442,24.02710385,125.1598119,143.9201121,97.42500484
Cavin1,2.043442077,4.145760369,7.073095495,5.756300786,10.2829187,5.354992404
Cbr3,0,0,1.000718245,0,0.379094868,0.298059298
Ccdc116,0,0,3.390665393,9.608829604,1.90820148,1.212606205
Ccdc78,0.063554499,0.827062755,0.023591302,3.481561893,0.105476805,0.406909005
Ccdc86,10.98525798,6.155935571,86.14552171,129.2047472,54.0369702,42.85059519
Ccdc87,0.311976421,1.506851794,0.290998448,1.351221617,1.440975686,0.14083511
Ccnd1,11.58765425,10.64791276,8.32142777,14.66333803,6.846423126,8.75324828
Ccne1,15.17506874,12.4977571,744.751549,793.2953412,522.7129532,35.55753462
Ccnjl,0.116489625,0.681298207,61.13011711,0.125496691,0.04160476,0.634598417
Ccr4,1.844290373,1.538477375,0.900305384,4.562453458,4.493809362,0.607020879
Cct6a,0.024034381,0.113342921,76.97839441,362.0043914,538.3841656,736.8094692
Cd160,39.86255611,42.4735712,8.390073815,0.178484463,0.091592197,0.438772852
Cdh2,27.35300895,24.37920076,4.305250476,0.37726297,1.785945769,4.617010602
Ceacam1,0.042530078,0.291898685,15.41823136,3.262908607,2.455593089,8.889572653
Ceacam2,0.846768581,0.841792004,9.07399272,1.694899832,1.348823348,4.83146698
Ceacam20,65.54702351,41.62769462,29.77654057,1.503400978,3.915015898,3.105705464
Cend1,0,0,0.3401447,1.009295883,0.022605183,0.162318844
Cers4,2.167400256,1.34171924,0.565300578,0,2.581192706,3.222272548
Chst5,0.04539607,0.703315332,16.19375693,15.13034116,0.484171311,0.146962413
Clmp,2.825980716,4.837448821,14.79376714,13.09522232,11.33210185,6.419726266
Clp1,0.170106704,4.569841329,371.0929665,351.5716568,238.3309476,56.9951869
Clpp,2.832536778,2.721456494,25.46212743,260.0862433,367.3015255,260.7076739
Coa4,3.425413966,7.245716967,0.417217038,10.68525004,40.76098247,80.39720818
Coq4,8.564282402,5.64571505,64.13983846,75.38007205,36.85079431,41.09394621
Cptp,21.60810278,37.17601218,206.7145868,71.05136224,18.98394216,39.08912592
Cr1l,7.50656694,7.456704724,3.402614329,1.836381331,12.07586294,28.26378162
Crmp1,1.862828805,0.776457904,0.539549565,0,0.41142126,0.003365615
Crnkl1,166.1810742,160.4294893,354.9968002,712.5846909,435.6098492,52.08341476
Cul1,1925.181451,2055.827793,1694.44522,444.8392099,215.176465,185.130345
Cul5,47.40559814,42.17253193,125.8353439,410.4340991,1063.631089,288.0748799
Cyb5d1,0.804050003,2.571406165,1.005917367,2.560514641,1.583726783,1.776454749
Cybb,3.847565406,3.704434528,0.267734409,0,0.218970186,0.031554628
Cyp2b23,3.315508481,2.004078,0.425517558,0.052378443,0.009619765,12.30038194
Dad1,138.517906,99.18374649,45.19789044,138.7275846,259.073735,323.098777
Dancr,0,0.082386081,44.43020089,104.8757814,22.22243346,9.343507581
Dazl,1531.377469,1841.37489,422.1277257,51.41843245,66.8310729,4.184944554
Dbnl,8.886700603,7.650539056,11.3309614,67.63091801,81.71137044,73.91597496
Dcc,3.463574306,1.368584334,68.13221484,16.12684405,0.084598676,0.02840572
Dcdc5,0.128743765,0.077264416,0.057939461,0,0.001394161,0
Ddc,0.628086292,0.042988278,4.033149091,2.128006619,4.322871971,10.12496136
Ddx39b,23.96547713,28.01307417,18.93750175,145.7966881,235.7355378,374.0807883
Ddx49,4.151747401,1.394532244,14.48713099,50.0786582,108.4501958,37.09746803
Ddx56,46.1200759,23.91975551,65.36697288,192.7446769,320.7002528,268.7135844
Ddx58,11.27197529,19.97146479,5.792353927,0.456480122,2.566296197,4.440792292
Dgkk,40.93423051,38.50887724,33.15616907,7.648654376,1.607031359,0.918415563
Dhcr24,0.399226933,0.514191424,3.922799431,1.485611488,5.876425512,9.544225148
Dhx33,10.52400218,25.50199629,27.61034785,82.48076655,88.96319954,44.07867467
Dhx38,17.92801857,22.80060254,19.61188275,38.43400135,37.27238202,36.94537294
Dhx9,5.503263675,7.839828449,132.0378328,96.49722577,99.06250415,90.19621429
Dido1,77.90347994,127.7022952,181.1911241,135.9357608,52.44274321,74.61528875
Dmtn,0.862071663,1.025028643,7.477347655,15.38306135,24.70580037,18.48774442
Dnaja1,83.74207101,90.92610022,73.63156725,371.2247856,1079.020627,445.3771393
Dnajb6,41.26428877,31.85482612,50.31164903,110.1064009,157.1129472,64.95479239
Dnase1,0.018158428,0.329713489,0.024007851,0.809251193,0.992954194,2.084424355
Dok2,0.014955167,0,1.857693428,0,17.17961404,15.34920603
Dppa2,58.9835924,82.10828075,175.6936014,428.0786299,341.4819878,258.4114131
Dtx3l,120.8818828,168.9637556,114.9933995,13.50806965,1.208933036,0.710825385
Duox1,0.071652484,0.109417509,1.683071094,0.005710495,0.00502141,2.624315525
Dusp27,0.222447228,0.109322441,0.247593502,0,0,2.57129562
E2f2,215.7712318,254.6462911,168.5749515,25.59098755,15.49116992,5.223286265
E2f3,0,0.751764822,1.65698956,1.428287983,1.911268125,9.07693034
E430018J23Rik,0.162431018,0.077047326,0.010605053,0,1.199325122,1.425062036
Ebna1bp2,44.29641456,32.38444323,240.0389079,995.4190724,400.8342648,251.0559881
Eef1akmt1,0.363168563,0.808226104,8.865132173,98.45016581,191.8783381,75.34391034
Eif1a,1.021764938,2.558277706,172.1035754,409.1583218,376.0174503,500.1419755
Eif3b,56.33972773,55.58857117,224.666291,710.606317,546.7048509,285.4111461
Eif4a3l1,1.181182568,1.92649396,93.91022353,29.84803851,14.71605434,6.079983889
Elac2,56.59038708,64.82472937,33.05899963,65.38274107,72.54245511,41.36274733
Elof1,485.0434179,296.1521574,155.3317436,365.1451236,227.1878636,135.4918429
Elp6,3.126502024,0.758184994,43.02682163,92.88579804,62.56240155,39.26794403
Emc8,82.06934612,64.51346759,39.2683263,58.14255862,28.12827539,31.70259972
Emp1,0,0,1.319255682,0,0.445260088,0.001253821
Enoph1,40.48767347,42.66534152,49.11568515,112.7737838,135.9033578,108.4187145
Enox1,76.17407753,108.757463,29.44566354,3.825539612,7.120827278,1.225393245
Eras,12.82382696,8.180025473,4.96593809,0,1.12927021,0.254781084
Ercc6l,77.03246818,88.29311641,163.8651905,166.6139374,50.5654665,29.29445424
Esrp2,5.414916015,4.825420341,5.295824922,103.3496461,122.9495597,63.83374768
Exo1,68.64034333,106.3365246,61.88861635,210.5404233,128.8786308,119.8191261
Exoc3l,0.504733009,0,0.289464269,0.269371036,0.071781705,0.018329068
Exosc4,8.139928036,2.140807508,7.794721485,25.89961573,38.43491597,22.09020098
F2rl1,0,0,0,0.007693855,0.087901974,35.81599351
Faap24,1.450972358,3.540392761,31.87655641,74.11940135,18.94995634,26.69300631
Fadd,11.29035423,7.414801307,6.87869812,35.75225885,13.1308276,14.10298471
Fam169a,35.63961729,56.49197697,51.50395328,42.02120894,19.16315189,26.43323435
Fam174b,2.449451277,0.499986653,8.836211005,3.229907912,0.956790483,0.216396878
Fam184b,0.014955167,0.104004085,0.068126158,0,0.024617366,0.467428028
Fam32a,75.10926467,80.97509893,28.76243056,212.3730812,179.9003596,143.6608841
Fancd2os,0,0,2.652034942,16.55229696,8.797571385,2.941491921
Fasn,60.02718448,50.95583172,25.61682797,74.44990037,190.9226633,79.60512933
Fastkd2,14.63765983,24.90545161,8.663133297,33.75543326,38.1499067,74.68028434
Fastkd5,25.10147194,18.0175703,21.22241315,61.56953801,11.62100934,19.83959497
Fbxo15,27.48693069,26.15138368,911.566174,2675.181818,4043.835038,674.3282527
Fbxo9,49.5167134,51.43459637,33.54652575,21.60130171,23.55124457,51.20649853
Fdft1,81.05708806,85.78087895,372.270646,229.0694169,426.7793387,58.84438803
Fdps,1.880565167,0.927997774,4.257770198,15.42744949,60.4418915,18.45351432
Fgf10,29.05732412,29.09057588,11.92137733,0.51132771,7.672259144,64.3205395
Fgf17,0,0,0.128115949,0,0,0.001414366
Fgf18,7.063074002,2.94565066,1.16238205,1.395873101,0.980709852,0.007214882
Fgfbp1,4.372812079,2.497857722,0.363670872,2.974310454,3.692095147,33.12307087
Fiz1,168.9814346,137.4584496,282.8007503,109.263901,34.74212084,15.81989043
Frat1,0.026170262,0,13.61963465,129.019331,28.00218506,8.057358475
Ftsj1,25.09703466,18.05822984,19.1367752,55.92378228,66.84757643,53.5760443
Ftsj3,46.71043907,66.50740282,26.68692216,158.3459925,221.6069844,205.955792
Gal3st2c,0.034926936,0.128711053,3.40419723,1.978693607,0.226268165,0.325642045
Gas2l1,3.116484939,2.092628565,9.774793327,17.72726215,6.396951207,12.61411535
Gbp2,0,0,0.024135272,0,0.371210408,0
Gcnt3,0,0,0.001093622,0,0,0.003306967
Gcsh,0.576435619,3.4958799,519.6319792,1485.14318,1320.004115,261.7718208
Gdf3,0,0.071270735,3.942176442,9.97434109,55.62236216,109.4499545
Gdpgp1,5.144311795,1.144709917,8.005534049,5.427687535,9.913544223,20.65863182
Gemin7,41.51279289,26.70407018,14.03362643,29.5476203,12.73061627,27.91660068
Gja1,0.1220357,1.064635197,189.7998157,580.74081,1207.750711,1235.754164
Glrx,178.4425237,81.13411996,12.19030488,0.205345986,2.432375347,290.7357842
Glul,0.97865096,10.2683884,658.4143347,378.8854934,282.4178404,245.6655645
Gm10244,0.089730999,0,0.338409106,0.16545989,0.555179603,0.684907268
Gm12790,2.598612054,1.857795148,16.14131406,26.33054587,25.07748418,69.90682691
Gm14124,0.422810624,1.922787515,1.776609424,4.109012962,2.447143748,4.094138915
Gm14139,0.497763601,0.835834673,1.761572441,13.87127344,2.955867107,8.587048679
Gm14296,0.215479533,0.315748795,0.995873153,0.47647817,1.934501901,15.82966633
Gm14393,0.353778946,0.360377649,0.21940614,0.211545134,0.328779404,2.253470366
Gm16286,29.5792825,24.51478971,37.39498534,251.1089158,187.6783444,252.0013731
Gm2004,0.113916716,0.077716131,0.082962936,0.018577201,0.057797372,0.23723876
Gm2027,0.182351209,0.306752811,68.11133521,31.86058472,5.646476755,0.704436737
Gm20767,1.719165793,2.988349335,154.4817484,3.974788859,0.14879167,0.025007933
Gm20939,0.976207842,1.26665517,25.08371218,15.34570011,14.94900162,27.12715393
Gm32856,0.423882522,0.091967119,0.119135252,4.823485967,5.07682334,2.715573434
Gm5086,0,0,0.040028849,0,0.025466241,0
Gm5176,0.455313428,0.278741934,1.756411826,1.423926658,1.116745964,2.545403559
Gm6712,3.652508259,2.900511457,4.448411327,17.08198135,11.91536689,4.192386045
Gmppb,0.329013663,0.104053146,0.888068442,12.01515092,34.20101917,28.74957782
Gna15,0,0,0.051035557,0,0.905937699,3.992569847
Gnat1,2.437437745,0.798463755,0.024369526,0.018361709,0,0.001771099
Gpatch3,0.691929662,0.786441525,78.09694299,10.96105166,3.015753571,3.24768036
Grin1,0,0.076517715,0.207376806,0.809037917,6.507000152,0.132472616
Grsf1,134.9604039,144.198069,238.7959406,298.7523937,98.21427467,121.6457581
Grwd1,16.91180052,21.98644015,80.54532614,291.6644306,206.1338111,134.8979811
Gsg1,0,0.035922765,0.005247333,0,1.67800591,0.172573933
Gsta3,0,0.037661243,0.021684881,0,0.474355968,4.271850103
Gtf3c6,11.34022191,9.095133846,259.4350045,133.9409476,53.06402971,77.51048359
Guca1b,0,0.081874792,0.890342611,3.164057443,0.017661547,1.571960201
H2-M5,3.155998008,3.769834287,2.108379695,0,1.323581148,4.628430399
Heatr3,20.38546531,31.21793448,79.13993624,194.2753103,196.0014132,89.71583508
Hgh1,2.484260472,1.652710448,1.796704264,41.45269816,23.81952195,13.31024183
Hmgcr,61.66793573,30.13144484,15.52954024,25.61975112,16.19094566,55.77894461
Hmgcs1,809.2437658,1187.349639,331.5171563,160.4004838,70.69242775,61.30937039
Hmgn2,4.386752632,4.660438462,15.98911602,31.07522805,26.76170747,21.58527686
Hpdl,0,0.284780103,7.990718016,37.43837475,72.01702979,46.47308084
Hsh2d,0.018158428,0.236866728,4.329304912,6.832973763,22.64058942,1.471111251
Hspa5,89.42059141,58.54032767,565.3762594,759.5738616,260.776106,418.4438661
Hspa8,23.78032959,16.7598502,100.7002685,437.2802358,1523.689444,1098.558625
Hspb9,0,0,0.015416477,0,0.005942123,0
Hspd1,101.7576013,100.684695,87.77510802,180.2980301,287.6650488,784.0117061
Hsph1,127.2192425,108.3863021,287.9459135,379.3730214,176.1566997,633.4943206
Hvcn1,52.63358383,43.60341114,23.01465338,7.382732579,6.628746511,5.042249114
Iba57,0.018158428,0.380678563,0.223913321,1.899414483,1.175164822,2.433362858
Idi1,4.411477972,9.273825993,3.732855095,1.651585954,6.987152855,6.713619729
Il20rb,0.824363258,1.032954342,2.1551772,5.328134493,0.976820494,0.626271636
Il6ra,0,0.324399374,45.01727521,50.77012898,21.14826093,17.31569934
Ina,42.4009198,40.0220133,39.22200685,53.48149227,25.01984318,8.18931945
Ino80c,9.163710625,10.24677484,44.38705243,100.0501812,157.1978061,137.2781064
Insig1,97.88665686,32.86705155,52.67588306,55.12708663,81.89446475,104.3788093
Insyn2b,1.671994758,0.499884178,3.030986148,0,0.076398723,0.017530287
Ints5,11.77169798,21.21748864,73.50755577,67.30864412,33.54748585,30.5300145
Ints6,64.09115238,41.8779864,195.5731187,62.17866365,67.45293222,61.72950892
Irgm1,0.007477583,0.011696399,1.493677897,0.406707854,1.649716743,0.03041697
Isy1,60.1373529,54.71999575,25.32131029,19.23876445,53.57105228,47.53474925
Itga9,97.09808471,120.9441891,26.33479161,1.326218119,0.151541133,0.061652999
Itpa,7.404381574,5.804011746,18.33842883,55.22871706,82.22161964,69.35579941
Jade2,350.2539286,426.5007075,131.2374564,13.77880462,4.284056234,0.344470545
Jpt1,96.49163041,69.83970022,559.0950018,456.4420406,419.1401531,323.0962891
Jup,18.00530354,19.34978496,19.79705357,14.37113041,36.46255286,54.51998483
Kbtbd6,73.89939926,70.35914003,10.78942092,7.848637372,2.225424013,1.083881176
Kcnk2,1.280013158,1.060131324,3.494257631,15.50113593,0.102401687,0.005732983
Keap1,6.231459906,7.66013519,4.2973374,5.719898544,16.06623006,19.28735217
Khdc3,34.92575699,13.24172201,48.96910541,26.36321397,223.9769237,235.7064383
Klhdc4,4.46044648,6.789113708,11.47390784,66.37480129,109.9217757,63.4658895
Knop1,9.500390966,12.18269772,84.38410567,313.7416007,202.6523539,138.6282456
Krtdap,0.2239233,0.441799886,0.735532795,0,1.997571079,6.50516112
L1td1,0.007280602,0.975459461,163.8907582,42.43076201,23.34736347,221.9506656
Lasp1,0.624081015,1.873358323,2.884289955,2.635473516,106.6169606,80.94493826
Lbhd1,0.052343083,0.301007628,16.76844623,36.99127431,12.1270077,14.92911485
Lcmt2,1.035859634,0.042793066,8.660003901,19.70494941,6.96066886,8.973588253
Ldha,0,1.295029249,41.69938181,30.00191849,37.67345792,116.5351876
Ldlr,0.078510786,1.571919857,3.515475076,9.61097321,20.95324843,21.84648106
Ldoc1,0,3.819503725,0.125656461,0,0,16.68957195
Lefty2,0,0.025107495,0.268606175,0,0,1.434025889
Lgals3,71.85688469,29.53250122,32.61946474,0.414211729,7.645290466,42.39327419
Lig3,29.78423052,42.22456404,39.71739823,25.20883829,37.28045619,50.74701575
Lin28a,146.9226627,233.4484518,54.92936948,36.30878275,75.65529937,16.59224652
Lipt2,0.336084468,0.733631775,0.036810806,0.127095299,0.884639768,1.859050787
Lonrf2,9.637939038,4.167811389,6.808195631,2.232736308,0.056180002,0.007625661
Lpar5,0,0.087876233,0.374364658,2.877293862,1.82338678,1.510953896
Lpar6,0,0.071370766,89.44587997,1.732902137,1.083587431,0.096897841
Lrif1,19.30029869,15.47488554,20.42155435,97.6018118,19.36784219,17.10253228
Lrrc14,38.73462706,48.38144534,9.689628618,41.32989246,21.88579297,13.19858934
Lrrc70,1.134224503,1.483098967,1.850641559,2.327242345,4.566498922,4.798332491
Lrrn2,1.312821636,0.549730749,0.033190543,0,0.001430657,0.003414467
Lrrn4,46.45243372,16.81623591,11.66946561,6.337997466,13.00365599,8.820958282
Lsmem2,0.524203311,0.962299888,0.538964529,0.900400431,0.397501194,0.455522933
Ly6e,33.56204134,34.14540556,15.13511444,10.5197888,50.90633793,41.00227072
Ly6g5b,0.465419525,1.710800466,0.458718736,3.321309739,1.696109611,1.588278125
Lypla1,17.49177907,37.60588201,39.86502129,77.42629934,211.1204045,139.1549898
Mak16,0.633716866,0.535687154,138.8828317,124.4141231,69.96378516,73.82270203
Man2c1os,0.065525414,0.05021499,1.234011034,0.70187011,0.285652409,0.390028158
Manba,125.6446825,106.2774963,7.89565368,1.276360471,0.236921844,17.97628274
Map1a,0.462887113,2.100545015,1.9019982,1.386701337,0.416458542,1.636651791
Map2k6,3.358345771,2.974361164,2.878960918,0.007957936,6.906773078,48.18855247
Marcksl1,0.270774791,0.588779449,25.03159596,40.47772576,91.34480708,116.679638
Mat2a,72.39835675,76.53385294,540.9569283,1285.548361,1106.870646,300.4074198
Mb21d2,6.155752253,7.829537066,0.09897022,0.153958132,1.116680487,7.231997608
Meox1,0,0,0.013554755,0,0,0.001414366
Mep1b,0.163512005,0.569358433,1.801562415,11.45661469,30.78700769,31.29497081
Mir17hg,0.032719631,0.430979875,20.58474411,13.93602292,8.956165155,11.06932727
Mkks,3.46129033,2.045326558,6.681266587,69.12186986,38.90239669,24.95660581
Mlx,18.88313338,10.46110861,12.91559997,23.24633491,32.50301156,29.85891968
Mmp14,0,0,0.754790593,0,0.005207478,0.115692588
Mocs3,2.343633786,1.638311561,46.49232253,21.67446858,6.592840631,5.783928933
Mospd3,13.00719784,6.94635108,6.086288048,24.24117245,17.78662649,9.12563903
Mras,15.49854302,13.89797177,12.81609852,2.307770002,26.55264699,112.0338528
Mrgprd,0,0,0.612810504,0,0,0
Mrm2,0.208821924,0.175752467,0.768019856,21.57851991,24.12079369,26.05385827
Mrpl12,7.350144762,5.173559555,51.76182013,122.5640209,173.2488151,212.8263888
Mrpl17,26.90606607,19.06894329,9.298640494,65.96735513,247.5048082,310.5447951
Mrpl18,115.5394969,58.32720792,35.88256304,107.4401665,194.9515748,316.9481306
Msln,0,0,0.043554347,2.89805517,0.526252162,1.058577215
Mslnl,0,0,0.488619338,13.07660969,3.250373541,3.572232847
Msmo1,11.05669326,8.729405355,20.47149022,25.42806538,182.5348432,73.8381117
Msrb2,1.322547327,0.799852234,0.130459772,5.080695262,4.046197194,21.45637025
Mvk,1.242283676,0.127276342,15.2999129,0.341995204,5.891369944,24.43205924
Mybbp1a,29.21897524,26.19235012,183.6371137,895.7813189,605.8704783,319.6837903
Mycbp,59.30633504,68.89347438,32.14120026,79.49494481,131.0488369,125.6641428
Myo1f,0,0,0.127829183,0,0.625962485,0.444468542
Myo1g,0.021841805,0.768896013,0.227303445,0.702931224,1.973813036,3.464339484
Mzf1,0,1.110842764,1.132545303,8.579540375,1.288967355,2.291840711
N4bp3,0,0,0.789666144,0.581335055,2.584472745,5.968737927
Nanos3,0,0,3.306713442,6.376157916,2.670007532,0.352259571
Ndufa8,40.68722213,24.31486851,3.590715827,21.27443312,61.92600429,181.6825803
Nefh,6.357534468,5.461747382,1.417276528,0.013435373,2.797029351,1.464053549
Nepro,0.186566278,2.338879293,77.64302684,54.76725719,17.37452289,11.28330609
Ngdn,74.79400743,60.72989203,51.1914918,228.2274315,276.2880088,245.1242213
Nifk,85.68807087,111.8002865,221.4801047,323.2164427,260.359951,206.5285338
Nip7,39.41419124,48.55523516,291.6608519,491.5409372,286.6830819,211.8641194
Nkrf,29.35576259,28.0165299,20.58690084,23.82039807,14.29974101,7.343903468
Nlrc4,4.956238492,1.212640289,7.45970857,8.759349822,1.576363409,3.164803925
Nlrp4f,1485.902994,2138.961564,429.0833282,31.97678288,4.511297109,7.522600952
Nmnat1,6.761222997,3.540735822,63.01211377,40.28510152,15.76494314,13.86180358
Noct,551.4176579,581.1642265,274.3613886,131.5271453,60.35430353,65.22219354
Nop16,0,1.885718029,332.9229205,358.352677,208.9880643,203.387711
Notch4,0.218418046,0.39643211,0.162415774,1.692674903,1.444885331,0.572391112
Notum,0,0.017524432,3.683554253,4.154805262,4.115487286,0.142472129
Nr5a2,32.85954683,40.37186681,282.7320851,616.3973196,254.8302536,87.54342561
Nrros,0.014561203,0,6.927314307,2.638248836,2.288530461,1.45595524
Nsdhl,68.34100939,95.73122171,31.80842393,1.481955923,22.88331633,69.57036887
Ntn3,0.007280602,0.174401335,2.082015284,1.486823886,0.564978215,0.309185524
Nudt1,10.09368279,6.690677437,0.81585898,41.77010989,44.02704963,55.04833501
Nudt19,15.73896768,12.57152998,12.87098099,28.06614488,37.49594091,49.90975587
Nup35,190.0032518,135.9201902,113.3478648,142.1089233,78.16749723,40.13277541
Nxf1,47.4568162,52.56855789,161.2660063,310.6373114,140.8107009,142.1058514
Nynrin,0,0,1.561884317,0.013435373,7.584640617,99.362272
Olfr814,0.073719501,0.285781813,7.983917836,0.91847234,0.642826018,0.701687612
Otud6b,28.90156756,60.34607492,256.4731881,249.5889117,211.911646,106.7081751
Pcdh17,0,2.09220676,1.821198803,0,0.006005945,0.080181766
Pcolce,0.072806015,0,0.139256769,2.810920553,0.017091224,0.10989911
Pcolce2,21.17699418,16.96021494,5.063498442,0.268179276,0.366835372,2.320871898
Pcyt1b,62.7558009,67.78422246,20.1275365,20.17928886,5.74942425,12.69907847
Pdgfc,0.774479475,1.947717935,0.129561367,0,0.020481251,0.002679888
Pdp2,12.07572349,11.82116999,436.5762688,1119.741343,385.7928453,205.2474541
Pdzd4,0,0.415388497,1.479459968,4.176498456,0.541182064,0.365728681
Pgd,29.44610587,31.65081636,111.6256464,304.142373,308.3119477,338.8978069
Pglyrp1,7.925637209,4.657412424,39.12441917,21.11193986,12.51533859,4.747928158
Phb,53.87642271,53.16074176,17.12789997,39.40687036,89.50826626,142.2831522
Phf11a,0.064371882,0.007674839,11.56676795,3.047503053,4.510936662,5.711530234
Pih1d2,0.418006569,0.004970684,1.5716109,3.026916672,1.068990248,0.876755991
Pirt,0.013085131,0.015395471,0.822174581,0,0,0.706472351
Pla2g7,42.83417782,46.18190905,22.67243295,4.179333195,10.54137914,1.88674905
Platr7,0,0,0.001093622,0.005710495,0,0.035555999
Platr8,0,0,0.964576186,1.796373963,0.020552424,0.287214729
Plpp1,9.717023512,14.27081213,4.400797489,3.329971917,16.21767319,48.84902707
Pnp,68.64657569,47.22756338,274.7042472,51.21341493,59.11048257,53.13011728
Pnp2,15.23017701,14.84218316,58.91457457,26.27991482,24.44849073,16.23931921
Pomp,67.39519092,43.87204094,22.77977673,304.9663823,480.9085012,489.679741
Pop1,43.81271608,41.33345163,41.45227742,47.99410834,28.794661,19.21893764
Popdc3,3.012133557,3.158708195,1.922452073,0.374817777,4.210125163,9.513471966
Ppa1,168.0275819,105.8288478,74.17540195,184.489939,72.18553425,130.6308334
Ppcs,0,0,5.832657253,29.52362381,12.86368986,24.17611325
Ppp1r10,331.4679841,335.6019682,126.5714066,230.22859,69.84090949,46.25415386
Pprc1,16.07438868,24.63463869,267.291831,536.6252672,208.1208479,139.3248632
Pramel6,0,0.733138763,238.2418794,510.8936254,675.2559821,313.0962618
Pramel7,0,1.514457927,268.2456155,1279.334837,1012.840574,400.4293495
Prmt6,0,4.701936349,308.1702796,213.597528,34.62674057,18.26806005
Prpf38a,56.08809313,78.72912147,277.0502378,255.9974786,93.13055738,108.5649373
Prr18,0.770191075,1.780095989,7.773663694,26.26019373,2.323638858,0.637160057
Prr22,0,0,0.01535795,0.304417799,0.123586054,0.288363654
Psma2,211.080568,170.2858904,57.68113378,188.7670224,448.510064,577.7825141
Ptbp2,204.9215965,277.4164194,240.650169,17.44079626,7.764624741,8.992880587
Ptger2,0.575745767,0.030790942,0.267908082,0,0.207974301,0
Ptpmt1,0,0.402272694,2.438072478,1.877761136,11.31890213,17.60763084
Ptrh2,59.43783244,41.5919094,44.95125983,130.2460508,87.70534949,55.4483039
Ptrhd1,13.96822465,9.658438973,7.753882494,25.94674469,29.10150535,37.24669415
Pusl1,0,0.071893091,17.76678128,12.1468149,21.1028576,31.41419217
Pycr2,11.37282597,6.056752604,9.214243611,14.94950787,13.86460921,36.69573684
Pym1,6.644879748,4.654274392,40.36620031,35.48310951,52.80897469,38.9248977
Rab19,0,0,6.038687527,4.484093312,0.484351499,0.002229451
Ranbp1,14.64728499,5.523574981,31.22364687,71.44203478,144.3230964,148.5830922
Rapgef4,15.22386084,19.6977422,4.075537172,0.010823804,0.061078864,0.489138431
Rasl11a,0,1.332091633,5.047638159,77.09182366,108.9430047,0.897005915
Rassf9,0,0.007173294,0.209048815,0.004459477,0.218199829,0.010734484
Rbm10,0.627756944,1.931445059,99.44310666,143.365795,30.5904985,31.11308842
Rbm14,45.70128871,32.57927626,35.90114892,87.94321852,39.51933523,49.62739769
Rbm19,45.04390212,59.84709301,51.77199632,128.8188004,51.31700202,35.96346572
Rbm3,5.147940533,8.633743073,16.83291683,72.88221351,42.05071678,32.79180978
Rbmxl1,1.946303866,2.266443935,18.34628577,43.33537783,47.8678154,69.94593768
Rbx1,162.6371371,130.44224,126.9602071,184.9529734,217.4168977,232.4258346
Rex2,2.366635178,4.317541944,10.29540836,6.263534019,3.930441039,3.801269828
Rhot2,11.63632223,12.15484748,10.29511518,23.50368279,13.57764376,12.0341378
Rinl,0.655254139,0,3.617261279,33.53276049,5.08890138,14.21250983
Riok2,74.05092737,105.525781,118.0400746,201.256642,134.0509695,84.95469198
Ripk1,68.87667837,104.6719975,82.5513672,22.15919365,7.82814098,16.73330454
Rmnd5b,3.475306939,6.698563327,72.07072958,185.3041517,191.6263007,35.39197031
Robo4,0,0.011696399,1.805456991,0,0.230973201,0.208011724
Rpf2,3.894846908,1.223738067,50.26183215,239.6156835,206.8513037,142.2856784
Rpl36al,0.291108476,0.145819739,14.13632473,16.38828811,19.72872605,15.99927318
Rrn3,82.44225455,141.8213141,649.9673025,758.0332729,379.8756328,304.5863446
Rsl1d1,775.7164974,783.4278145,437.5013814,874.1412062,646.3445748,509.0468384
Rsph4a,0.014758185,0.713605419,0,0.012924751,0,0.338169268
Ruvbl1,5.159603936,3.603276224,25.46165816,138.9680606,80.01752432,77.51160726
Rwdd2b,27.57107032,28.99148653,10.10394927,20.79059325,24.92259342,9.977162511
S100a10,0,0.028378131,0.871483054,1.401110307,9.922982592,133.5852916
S100a11,0.38742086,0.105562741,3.475922677,1.865989517,22.9348544,185.0995658
S100a6,0.547122154,0.012553748,0.182961805,1.61751058,5.977883299,5.039795294
S1pr2,0.014561203,0.250751628,0.07151064,8.23053992,20.51616175,6.106941063
Sac3d1,0.5829615,1.625838242,127.1967564,24.44926683,17.40351697,9.124555166
Scd2,0.56433369,0.103430713,4.512175192,11.28249286,28.44433531,226.2335447
Serp1,79.33910522,77.64599293,141.4138714,95.19513263,87.30582456,55.67957591
Serpinb9b,0,0.070027203,0.004153711,0,3.173451891,76.62409873
Setd1b,114.7859994,62.24323562,70.33402237,73.31769286,48.51133894,42.6043511
Setx,144.8192686,155.2598423,432.1572942,588.7437416,191.5594512,269.5840722
Sf3b3,145.7099009,253.8705221,88.92979108,224.8310321,311.0070512,227.3543416
Sfn,0.842810874,0.781900988,13.73225846,145.0913956,545.6587499,304.0166182
Sfpq,173.6606507,132.5231352,184.1985697,234.6463639,357.8618327,271.7739312
Sgk2,0.179461998,0.096631125,0.012136855,0,0,1.07314298
Sh3rf2,5.356215958,8.746409055,3.963697677,0.005265204,0.005801105,0.135276873
Shf,2.250489158,2.626854049,0.543469293,0,0.363361393,6.446279358
Sigmar1,16.36791124,35.95420383,41.07432668,67.29417102,17.48658462,37.61394819
Slc10a3,21.28661666,33.39112046,103.1655141,64.82575626,9.233562395,4.686887288
Slc16a13,50.3299407,79.85273767,10.85857095,11.84231516,7.498416928,16.37525585
Slc16a3,0.02243275,0.153908915,0.306787532,1.84326788,0.061300379,0.096912824
Slc25a10,1.20531667,0.081874792,11.80678044,34.08223406,50.34522966,89.76798074
Slc25a38,56.74427899,49.47958543,84.86441456,109.6153383,32.84355647,20.9697929
Slc25a5,118.7739516,173.4279826,133.1856632,221.9978579,1157.004597,2083.687542
Slc29a3,12.00733371,23.76489964,9.237439989,26.42911525,31.76265257,5.760799845
Slc51a,0.201713625,0.254736378,1.164102909,0.018361709,4.995852539,2.235627465
Slc7a7,1.83892964,1.261151694,0.648346906,1.479883982,5.959180617,26.01012181
Slco2b1,0.269192997,0.011696399,0.527970711,0,0.008488747,0.000853361
Smarcb1,106.8523585,111.9162853,50.7307284,92.64730176,103.2297197,226.0445819
Smpd4,22.8217221,19.87580244,165.2551592,202.7951807,93.07447905,92.09423953
Smpdl3b,0.306580913,0,0.349675089,5.746003928,3.415114269,44.10746586
Snora31,0.077976536,0.114661008,1.227563772,3.825411351,2.713307135,1.20274371
Snora41,0.149354683,0,0.285068585,1.450933518,2.924013798,1.659682299
Snora57,0.027646334,0.247416531,4.463557039,3.613960539,4.023096361,2.99164736
Snora78,0,0.21668108,0.914582712,1.075452341,0.896620326,0.907202615
Snord83b,0,0.112983729,0.404401427,1.361758184,2.29781785,2.471484451
Snx5,5.014219509,6.325538776,78.04350797,302.2862499,498.4635239,367.4667637
Soga3,0,0,0.534455531,0,0.091820762,0.028253774
Son,198.4165101,117.2767723,426.0996183,479.4651467,315.2950117,281.8232164
Spn,0,0,0.689411471,0.538122909,0.704451045,0
Spopfm2,0.009079214,0.864758409,27.09713114,7.186766145,0.37135038,0.007961273
Sppl2b,1.873671415,0.087018885,0.756268599,2.230129589,2.500770274,5.707808027
Spr,1.170498725,1.484402036,2.509363496,19.28793418,21.67745624,16.51843191
Sqle,23.74326938,29.82345457,205.6735978,133.1706778,67.4468415,35.95803655
Srm,35.69092592,14.48517961,22.81558624,213.7192338,124.1054565,73.13277627
Srrt,33.22094886,24.24495064,15.52069388,49.88701932,64.61413307,76.2873313
Srsf2,40.71082378,49.98464356,131.3930112,261.782317,220.2414046,169.3873791
Sulf1,0.79534061,0.635720922,2.643418992,0.241824163,0.00160208,1.35132656
Synpo2l,7.512920114,6.527577482,4.965518781,0.478504428,3.781834714,2.399231994
Taf1d,24.37529291,19.46060493,408.859756,297.9851776,229.6596392,194.9940248
Tbl3,3.412301675,2.856814117,80.81598162,353.8079262,211.7165433,78.39084967
Tbrg4,9.490483247,10.19105043,61.07729651,96.60805555,133.5764789,101.31947
Tceal8,208.2638535,279.3865373,35.88389167,11.45707343,5.142321935,0.138804276
Tcf15,1.324156551,0.203654185,0.672020495,2.058878569,3.203123381,2.107593972
Tdgf1,0,0,0.536190286,25.55269406,77.47423713,381.980228
Tdh,0.289818314,1.144039713,10.92982269,25.9614834,95.67646872,74.72984104
Tdpoz2,0,0.056244973,7.631134397,8.254491473,7.233673477,0.45001935
Teddm3,0,0,0.004584668,0.006717687,0,2.108246074
Tex10,77.34636021,76.59426545,41.26854414,245.5643823,111.3394782,117.4855764
Tfrc,9.03759777,7.811850238,495.7158911,650.2493383,860.4300782,59.16158957
Thada,50.6823947,26.92034082,5.084187254,12.19747115,27.59499883,32.95103295
Thrap3,48.50271467,42.94651229,40.36106206,95.3216348,70.15136172,110.7867631
Ticam1,1.72446167,2.680253078,21.95319363,5.000225451,9.450518231,9.753538516
Timm10,6.157768771,0.486701056,26.28815292,214.406335,210.0283747,120.2689139
Timm8a1,4.911626957,6.151417183,19.34098762,130.7806837,68.36320716,33.92590396
Tlcd1,3.655191742,4.121693829,5.353324523,20.76083475,27.37437218,27.46621263
Tle4,95.83632756,109.4314364,249.8386114,136.1835562,247.0131499,124.1675993
Tlx2,0,0,0,0,0.033106504,0.001414366
Tm4sf5,0,0,1.856631619,0.629176821,2.006553489,1.05889895
Tmem151b,0.007280602,0,0.023176573,0,0,0.00418507
Tmem17,2.513409588,1.931943355,0.233165493,1.151417056,1.376436782,9.026724016
Tmem251,6.060423684,11.38281623,23.91783321,75.21108913,23.61108019,19.48453718
Tmem40,0.007280602,0.325210583,0.178999863,0.015915872,1.11124294,3.67453763
Tmem97,24.20791366,26.24316379,66.99103305,81.70032452,158.3296202,143.1075487
Tmppe,0.299614064,0.184905361,16.81177001,122.9858441,80.5226899,43.42622913
Tmprss11d,0,0,0,0,0.304091818,0.008721493
Tnfrsf25,0,0,0.106935629,13.29554328,2.886402383,1.005977515
Tnfrsf8,0.762713492,0.389166176,0.001093622,0,1.303219836,7.797137459
Tns3,10.79477416,20.61888996,5.528570409,5.029553075,21.23590429,59.64102938
Toe1,5.143950078,6.65308236,17.681563,61.27227514,80.13334159,68.63436943
Tomm40,2.540730086,1.187201755,15.43425005,21.37783416,32.26852947,27.76504853
Top1,841.8021644,693.3115366,534.3375717,574.5819578,393.4737115,215.4959328
Topors,74.63701593,67.81057268,840.5713843,320.6355607,133.8315176,92.77619778
Tor4a,0,0.179728162,1.047977809,6.228597729,1.385529213,4.836461461
Tpm3,42.65363339,25.37078623,167.3257403,227.7982893,245.7348065,386.8344281
Trim28,286.0558435,59.92609487,476.2734999,1030.239306,1354.091905,946.7813965
Trim43a,0.009079214,3.165521355,741.0336141,2109.77198,1867.007963,508.7029212
Trim6,0,0.073239507,73.67447578,161.4154636,106.5823277,104.2521846
Trip13,14.34024375,16.05999118,45.24573326,190.7550263,206.6966717,123.7607279
Trmt11,52.59620256,61.55265139,33.16386233,15.05794623,51.22699155,52.72529289
Trmt44,0,0.236063886,0.074485207,8.365155427,20.81000499,24.10280986
Trmt6,50.05928526,45.2125464,32.24309602,161.0691375,177.9948914,110.8499248
Trp53rkb,4.222528173,2.823851703,1.474884632,9.511005036,5.051695031,4.734179757
Tuba1a,3.593826264,2.997450251,29.28977996,18.11338444,15.81200385,37.07188844
Tuba1b,1.192758435,1.050337438,7.626986189,6.528582618,21.50075476,58.58427296
Tuba1c,25.65052133,14.69953015,67.80585713,25.73159862,71.74737972,193.8011188
Tuba4a,56.78020913,70.63027562,208.749624,104.5097714,153.1424895,201.8067559
Tubb4b,314.1958442,138.3492685,418.6346938,664.6625938,369.3914464,218.4995685
Tubb5,70.52013743,51.99248087,302.6743592,236.2506624,133.1631266,657.579352
Tufm,3.982173644,3.770905579,1.785199765,101.8961633,88.3486686,86.43322323
Tut1,77.19637904,58.74863979,29.75624645,109.5999566,56.65383998,40.06066752
Twnk,6.299397614,3.996190259,10.58707101,85.81261916,34.93627479,25.34240453
Ube2l3,8.470013446,9.523439282,15.36171559,63.04207891,107.9254374,180.9741281
Ubfd1,410.533255,332.6861996,331.5897122,303.0119827,189.3829297,123.6867214
Ubxn1,16.93417463,8.271587008,73.21312635,426.3899408,652.0321135,295.3977466
Umps,17.11802509,25.88514095,34.34579739,331.4791909,204.1132426,206.3329056
Utp14b,19.56253117,29.25345385,405.3883725,172.3651226,34.71646166,31.43927728
Utp20,86.51103842,59.84288457,58.54266668,172.0777045,121.2052733,92.22027018
Utp3,25.10403151,17.05567031,190.3977139,380.447823,185.5236481,79.90385456
Vangl1,0.861075839,2.064948738,0.456854568,4.036293126,25.1671474,104.181676
Vegfc,0,0,0.046200033,0,0.031408364,1.773989142
Vmn1r227,0,0,1.745589829,0.363423441,0,0.008559922
Vmn2r12,0,0,2.016465356,0.608657498,0.000848875,0.002595265
Vwa3b,1.024497183,0.219410204,2.212990792,2.66314634,2.221421097,4.122462102
Wdr3,12.56815431,11.18276142,67.51087224,262.6967893,210.4497658,113.3826225
Wdr55,34.53142654,50.16694755,77.19084175,147.1872698,62.82556613,58.5598944
Wdr6,1.797878248,0.108100955,0.774626121,0.566367273,11.78007314,24.32421785
Wdr74,6.794562253,5.419786656,62.7070968,318.4989572,460.2287885,178.2135101
Wnt6,0,0,0.001093622,0,0.118799269,3.099720727
Xaf1,0,0,0.044918109,0,0.591618189,2.192815792
Yju2,7.392189168,0.965606388,4.61865007,10.72156963,22.50646016,24.3530411
Zbtb45,60.72613304,25.36911368,18.54813373,16.3671915,9.400583122,14.4121825
Zbtb8a,0,0.222231579,18.18941022,25.52707804,6.47245836,3.962862777
Zbtb8os,3.474612457,2.808556325,5.270865135,9.228788038,15.56547389,30.48500887
Zc3h12a,0,0,18.02857568,5.457094929,5.626048494,0.378307243
Zc3h4,65.1175595,105.4783775,81.52311059,71.03971744,30.15737667,29.22589101
Zc4h2,18.09386384,28.53291949,6.386221695,0.00612057,0.613858735,0.02652401
Zcchc10,393.413076,276.5650728,184.3117064,80.78038577,87.34576624,70.40935414
Zfhx2,2.447183913,3.115144824,3.47799309,0.091640011,0.638365576,5.419999738
Zfp141,15.58838245,19.64926634,12.12661517,17.83226622,20.68015884,24.74813724
Zfp160,8.547176065,7.608436057,10.31444181,28.75309288,13.19367075,32.23918953
Zfp229,51.60560129,62.62219081,92.59340587,37.34827667,7.869996637,5.289602939
Zfp267,0.014955167,0.179728162,8.95014846,29.51946711,10.61474112,9.014776811
Zfp324,0.029122406,0,3.088433658,4.869852309,1.414455131,4.468448308
Zfp345,1.643660989,4.966118898,7.14971277,8.749986089,8.943080479,12.58128262
Zfp418,2.27760125,3.553425056,0.478144718,0.313343285,0.875834054,6.311828634
Zfp423,19.88550219,11.71649181,6.958159909,0.195391336,0.070177201,0.064784054
Zfp459,1.741334906,0.80593723,0.569499435,2.695321853,1.050593573,16.04980177
Zfp46,63.45561043,87.4834277,31.83152062,20.42771038,3.666012537,1.51835629
Zfp473,34.88532011,21.8033209,14.30062235,8.961706496,0.340481982,1.94596053
Zfp532,26.53359515,49.42782523,27.84606953,2.730887811,14.2935596,20.8645533
Zfp553,20.07358068,12.50606806,75.93341463,16.91734176,7.615491401,14.14059458
Zfp599,0,1.831721469,308.7546619,40.30173067,79.13015955,35.71587634
Zfp600,7.593259242,11.09479426,32.2791334,28.85708503,17.8737034,16.02005321
Zfp628,7.969179117,6.129834835,9.945510201,3.962971161,3.992191121,1.49343517
Zfp65,4.762272495,7.306226378,4.645443256,4.88556173,3.55833577,7.416158989
Zfp658,0,0,1.225977113,6.704789789,2.977826144,5.39669932
Zfp719,0.118029783,0.564528635,0.501944444,4.190177303,3.495149338,10.8446226
Zfp771,0,0.040640723,0.597192054,0.482593085,0.184311405,0.102743885
Zfp809,7.286823717,10.68800574,163.3611957,63.67593743,38.38013434,36.5702677
Zfp819,55.60758443,92.41994613,49.96945461,27.72734385,1.964108972,15.43828449
Zfp933,1.62864743,6.295109352,0.324596778,1.328547641,3.599446977,13.47224204
Zfp936,20.73813649,22.17540063,175.6431257,212.1295934,66.46175335,46.51703966
Zfp955b,203.8432174,231.9911712,30.65273517,44.29036162,31.9760215,36.39339363
Zfp959,2.116585206,1.817112562,0.767621589,4.866026409,2.468289742,3.212948872
Zfp970,1.49905951,0.67413483,1.146101089,9.507449451,4.674275722,3.801431108
Zfp979,66.17637319,79.86058263,186.1763601,50.4730344,36.29835603,51.50618377
Zfp980,7.782033465,12.59312776,39.06043105,24.0669465,14.14064864,13.30512613
Zfp982,4.683464605,11.20776965,14.77545969,8.444629306,6.827060957,14.54873765
Zfp985,3.627997704,5.198932504,42.28192794,39.61180807,144.3436628,209.4789872
Znhit1,3.289721851,1.358332482,2.21122161,54.58224656,72.93045694,38.55915172
Znrd2,0,0,0.005730835,0.582606223,0.604022068,0.411057038
Zscan10,1.326909205,0.903438829,41.63647962,152.4962636,21.48937618,31.29060524
Zscan22,0.190871494,1.120035589,0.20586277,24.11292039,4.674384738,10.90954054
