mer,ZFP352_bound_B1,ZFP352_bound_B1_Mus2,ZFP352_bound_B1_Mus1,ZFP352_bound_B1_mm,ZFP352_bound_MT2_Mm
AGGCAG,0.710908361,0.704428604,0.741198841,0.68653419,0.000544586
CTGCCT,0.694615982,0.675902434,0.682124462,0.719791902,0.000544586
GAGGCA,0.63627875,0.640664223,0.620280973,0.624175981,0.00076242
TGCCTC,0.619285623,0.608446431,0.576898226,0.651494815,0.00152484
TGAGTT,0.617884128,0.633616581,0.626742233,0.570132199,0.004356686
AACTCA,0.605270672,0.605090411,0.563052669,0.620612655,0.003594266
GAGTTC,0.571459605,0.586632301,0.597205043,0.514900643,0.0038121
GAACTC,0.557444654,0.551729693,0.524285108,0.57785274,0.002178343
CACGCC,0.516626111,0.556428121,0.302756189,0.571913863,0.000871337
GGCGTG,0.51557499,0.566160579,0.287987594,0.560629996,0.00076242
ACAGAG,0.466522663,0.543004041,0.515054736,0.289223314,0.000980254
CTCTGT,0.457237758,0.511793054,0.504901327,0.319511587,0.000326751
TTTTTT,0.428331923,0.41547528,0.400598128,0.459075198,0
GCTGGG,0.39311936,0.399030781,0.359984493,0.394935326,0.000653503
GGCAGA,0.390141183,0.385271099,0.396905979,0.385433122,0.000980254
CCCAGC,0.384184829,0.384264293,0.375676125,0.380682021,0.000326751
TCTGCC,0.383133708,0.379230263,0.363676642,0.39374755,0.000326751
AAAAAA,0.382783334,0.410776852,0.368291827,0.333764892,0.000108917
CCTTTA,0.358782731,0.361443357,0.363676642,0.342673207,0.380229793
CTGAGT,0.358257171,0.364128173,0.328601229,0.358708175,0.099332447
CTTTAA,0.35773161,0.359429745,0.364599679,0.34207932,0.285145116
TTTAAT,0.354227873,0.356073725,0.358138419,0.340297657,0.28688779
TAAAGG,0.352651191,0.344327655,0.334139452,0.371179817,0.393735521
TTAAAG,0.351074509,0.342985247,0.334139452,0.368210379,0.290917725
ATTAAA,0.34932264,0.341978441,0.328601229,0.367616491,0.294294157
TTAATC,0.348797079,0.351039695,0.34798501,0.337328218,0.291897979
GTGGTG,0.348621892,0.359765347,0.346138936,0.322481025,0.087896145
GCCTGG,0.345293342,0.337280013,0.362753604,0.340297657,0.000217834
GATTAA,0.344767781,0.337951217,0.324909081,0.361677614,0.299848932
ACTCAG,0.343541473,0.347348073,0.293525817,0.361083726,0.106520979
TAATCC,0.343366286,0.344663257,0.342446787,0.333764892,0.099550281
CACCAC,0.342840725,0.341307237,0.323986044,0.34979986,0.09497576
CCAGGC,0.339687361,0.327211953,0.346138936,0.34979986,0
GGATTA,0.338986614,0.332581585,0.320293895,0.354550962,0.094757926
CAGAGA,0.33863624,0.351375297,0.342446787,0.305852169,0.004138852
GGGATT,0.337760306,0.330232371,0.317524784,0.356332625,0.093015252
CCAGGA,0.336884371,0.336608809,0.333216415,0.331983229,0.103906967
AATCCC,0.336358811,0.337615615,0.328601229,0.331389341,0.098678944
TCTCTG,0.336008437,0.334595197,0.328601229,0.335546555,0.003703183
AGAGGC,0.334256568,0.337615615,0.327678192,0.324856576,0.000653503
GCAGAG,0.333731008,0.335266401,0.329524267,0.326044352,0.000217834
TCCCAG,0.332329513,0.334930799,0.324909081,0.324856576,0.099114612
ACGCCT,0.330577644,0.333588391,0.304602263,0.334358779,0.033982153
AGACAG,0.330577644,0.324191535,0.323986044,0.340297657,0.001307006
CTGTCT,0.329701709,0.335602003,0.311063523,0.323668801,0.00076242
CTGGGA,0.329526522,0.324862739,0.304602263,0.346236534,0.093015252
TCTGAG,0.329176149,0.334595197,0.323986044,0.315354373,0.008604455
AGGCGT,0.328475401,0.329225565,0.28614152,0.346830421,0.038121005
ATCCCA,0.328475401,0.329225565,0.318447821,0.326044352,0.098787861
TGGGAT,0.328475401,0.323184729,0.306448338,0.34445487,0.092797417
CCAGAT,0.001226308,0.000671204,0.002769111,0.001187775,0.509187707
ATCTGG,0.001401495,0.001342408,0.000923037,0.001781663,0.472591542
AAGGTG,0.046424523,0.040943444,0.053536155,0.050480455,0.40833042
AGGTGT,0.049928261,0.04698428,0.054459193,0.051074343,0.395151444
CACCTT,0.05168013,0.0503403,0.064612601,0.044541578,0.394062272
ACACCT,0.056760549,0.05705234,0.062766527,0.051074343,0.381972468
AAAGGT,0.045023028,0.040607842,0.050767044,0.048104904,0.341890954
ACCTTT,0.050629008,0.049333494,0.060920453,0.045135466,0.332524079
TCTAGA,0.00840897,0.00839005,0.010153409,0.007126652,0.33208841
TCCAGA,0.023124668,0.022149732,0.023998966,0.023755508,0.328058475
TCTGGA,0.023475042,0.02684816,0.020306818,0.02078607,0.317275677
TCCTTA,0.000525561,0.000335602,0.000923037,0.000593888,0.317057843
TTCCAA,0.014715698,0.014095284,0.024922003,0.008908316,0.314334914
ATAAGG,0.000525561,0.000335602,0.000923037,0.000593888,0.308017719
TAAGGA,0.000525561,0.000335602,0.000923037,0.000593888,0.307799884
GGATCT,0.014190137,0.012752876,0.01938378,0.01306553,0.30529479
CTTCCA,0.004379672,0.004698428,0.005538223,0.002969439,0.304423452
CCTTAT,0.000350374,0,0.001846074,0,0.299740015
AGATCC,0.012788642,0.010403662,0.022152892,0.010689979,0.298215175
AATTCC,0.013664577,0.013759682,0.020306818,0.008908316,0.296254666
TGGAAG,0.006306728,0.006040836,0.009230372,0.004751102,0.295165494
GGTGTG,0.093549794,0.101016203,0.051690081,0.105118124,0.294729826
CCCAGA,0.010511213,0.01174607,0.011999483,0.007126652,0.294620908
AAGATC,0.000875934,0.001342408,0.000923037,0,0.293967405
TTGGAA,0.016817941,0.0167801,0.022152892,0.01306553,0.291571228
CTCTAG,0.003678924,0.003691622,0.004615186,0.002969439,0.289066133
GATCTT,0.000350374,0.000335602,0.000923037,0,0.287105625
GGAATT,0.011912708,0.01342408,0.010153409,0.010096091,0.286996707
CACACC,0.096177597,0.110748661,0.062766527,0.089677044,0.285471867
CTAGAG,0.002627803,0.002684816,0.002769111,0.002375551,0.284818364
TCTGGG,0.007357849,0.008725652,0.009230372,0.003563326,0.27272856
AGCAAG,0.003678924,0.004362826,0.003692149,0.002375551,0.270768051
AGCCCA,0.006657101,0.00503403,0.010153409,0.007126652,0.269025377
CTTGCT,0.00280299,0.002684816,0.00646126,0.000593888,0.258242578
TGGGCT,0.00788341,0.00839005,0.009230372,0.005938877,0.254866146
ATAGCC,0.121754882,0.054031922,0.079381196,0.266061693,0.2482222
AGATAA,0.000875934,0.000671204,0.001846074,0.000593888,0.234389721
GGCTAT,0.120878948,0.065442391,0.083996382,0.239930634,0.233082715
TCTCCA,0.009109718,0.008054448,0.011076446,0.009502203,0.228181443
TCACAG,0.001751869,0.002684816,0.002769111,0.001187775,0.221319662
CTGTGA,0.002627803,0.002013612,0.004615186,0.002375551,0.217507562
TTATCT,0.000525561,0,0.002769111,0,0.216962976
