TE,length,logFC,logCPM,F,PValue,FDR,comp,study,tagComp
Rep.RLTR50B.LTR.ERVK,116450,-2.102851761,2.722879164,76.33825008,3.94E-05,0.007573816,0_vs_12,ZfpOE,0_vs_12_ZfpOE
Rep.RLTR26.LTR.ERVK,51651,1.316495637,2.576533272,31.26306508,0.000702477,0.016273297,0_vs_12,ZfpOE,0_vs_12_ZfpOE
Rep.RLTR44C.LTR.ERVK,67288,-1.2961303,2.148070558,28.82749983,0.000897376,0.017956753,0_vs_12,ZfpOE,0_vs_12_ZfpOE
Rep.LTR16B2.LTR.ERVL,20776,-2.924982823,-0.729715078,25.78937475,0.001248799,0.020671899,0_vs_12,ZfpOE,0_vs_12_ZfpOE
Rep.IAPLTR3-int.LTR.ERVK,154924,-1.370334698,1.957323316,23.46796106,0.001643078,0.023229616,0_vs_12,ZfpOE,0_vs_12_ZfpOE
Rep.RLTR53_Mm.LTR.ERVK,98571,-1.043407636,2.831205644,22.0466464,0.001964793,0.025125212,0_vs_12,ZfpOE,0_vs_12_ZfpOE
Rep.MurERV4_19-int.LTR.ERVK,52986,-1.472425938,0.889330566,21.16569748,0.002205164,0.026485237,0_vs_12,ZfpOE,0_vs_12_ZfpOE
Rep.MERVL-int.LTR.ERVL,3446941,0.923021115,8.007629836,19.25725019,0.00286958,0.030162798,0_vs_12,ZfpOE,0_vs_12_ZfpOE
Rep.MT2_Mm.LTR.ERVL,975774,0.882535443,6.487020971,17.61208903,0.003660603,0.034401816,0_vs_12,ZfpOE,0_vs_12_ZfpOE
Rep.RLTR9B2.LTR.ERVK,48199,-1.91461239,-0.463482847,17.52496825,0.003709838,0.034624204,0_vs_12,ZfpOE,0_vs_12_ZfpOE
Rep.RLTR44E.LTR.ERVK,26681,-1.206124029,2.052177216,17.38316165,0.0037918,0.034825254,0_vs_12,ZfpOE,0_vs_12_ZfpOE
Rep.IAPEY3-int.LTR.ERVK,351777,-1.169850634,2.490946102,16.2541819,0.004534392,0.038210346,0_vs_12,ZfpOE,0_vs_12_ZfpOE
Rep.ERV3-16A3_LTR.LTR.ERVL,11423,-3.252889261,-1.639726241,15.66231466,0.004998367,0.04029284,0_vs_12,ZfpOE,0_vs_12_ZfpOE
Rep.MER76.LTR.ERVL,10054,-2.723493315,-1.458329649,15.58520252,0.005063204,0.040580914,0_vs_12,ZfpOE,0_vs_12_ZfpOE
Rep.MLT1J2.LTR.ERVL-MaLR,4304,1.947454952,-1.033549349,14.87472193,0.005714244,0.043274697,0_vs_12,ZfpOE,0_vs_12_ZfpOE
Rep.ORR1A0-int.LTR.ERVL-MaLR,443545,0.667164328,6.079391181,14.45942877,0.006144717,0.045222803,0_vs_12,ZfpOE,0_vs_12_ZfpOE
Rep.ORR1C1-int.LTR.ERVL-MaLR,13555,-3.813166757,-2.31839715,13.74736494,0.00698411,0.048666538,0_vs_12,ZfpOE,0_vs_12_ZfpOE
Rep.RLTR4_MM-int.LTR.ERV1,304792,0.832322525,5.117570381,13.4570796,0.007368197,0.050113754,0_vs_12,ZfpOE,0_vs_12_ZfpOE
Rep.MTE2b-int.LTR.ERVL-MaLR,47414,-1.107856036,0.972779643,12.67083182,0.008553264,0.054439987,0_vs_12,ZfpOE,0_vs_12_ZfpOE
Rep.LTRIS3.LTR.ERV1,41529,-0.841032234,2.149876255,12.45161873,0.008926491,0.055509959,0_vs_12,ZfpOE,0_vs_12_ZfpOE
Rep.RLTR46A.LTR.ERVK,19381,-1.754134246,-0.578780466,12.29958107,0.009197644,0.056375841,0_vs_12,ZfpOE,0_vs_12_ZfpOE
Rep.RMER21B.LTR.ERV1,62818,1.052208916,0.814319906,12.14065682,0.009492443,0.057362077,0_vs_12,ZfpOE,0_vs_12_ZfpOE
Rep.RMER2.LTR.ERV1,549108,-0.781178045,3.585301672,12.07520103,0.009617373,0.057701491,0_vs_12,ZfpOE,0_vs_12_ZfpOE
Rep.ERVB4_2-I_MM-int.LTR.ERVK,54596,-1.036980643,1.122374002,11.48276625,0.010849696,0.061663467,0_vs_12,ZfpOE,0_vs_12_ZfpOE
Rep.L1_Mur3.LINE.L1,104304,1.354249951,0.577266196,11.29728002,0.011276675,0.063067183,0_vs_12,ZfpOE,0_vs_12_ZfpOE
Rep.RLTR20C.LTR.ERVK,33579,-1.126035094,0.735146326,11.21897859,0.011463372,0.063504909,0_vs_12,ZfpOE,0_vs_12_ZfpOE
Rep.RLTR11A2.LTR.ERVK,559478,-0.700176224,5.14323149,11.0113192,0.011978029,0.064867107,0_vs_12,ZfpOE,0_vs_12_ZfpOE
Rep.RLTR17D_Mm.LTR.ERVK,38723,-0.871721544,2.075027289,10.89363424,0.012282862,0.065923568,0_vs_12,ZfpOE,0_vs_12_ZfpOE
Rep.RLTR20B4_MM.LTR.ERVK,91469,-1.348935776,0.988377586,10.7864561,0.012569175,0.066930538,0_vs_12,ZfpOE,0_vs_12_ZfpOE
Rep.MuLV-int.LTR.ERV1,83657,0.619444961,7.909358295,10.73787633,0.012701764,0.067378782,0_vs_12,ZfpOE,0_vs_12_ZfpOE
Rep.RLTR11C_MM.LTR.ERVK,213079,-0.68319933,3.871664896,10.43702482,0.013564069,0.069871684,0_vs_12,ZfpOE,0_vs_12_ZfpOE
Rep.Lx3A.LINE.L1,190772,1.798731481,-1.460374348,10.33465066,0.013874526,0.071029518,0_vs_12,ZfpOE,0_vs_12_ZfpOE
Rep.MER89.LTR.ERV1,34247,0.916753467,2.178433527,10.26772808,0.014082405,0.071597195,0_vs_12,ZfpOE,0_vs_12_ZfpOE
Rep.L1Md_T.LINE.L1,9296235,0.597785066,6.312843463,9.518908993,0.016705235,0.078760744,0_vs_12,ZfpOE,0_vs_12_ZfpOE
Rep.ERVB4_1B-LTR_MM.LTR.ERVK,294479,-0.78650217,2.661177777,9.331112843,0.017459413,0.080687898,0_vs_12,ZfpOE,0_vs_12_ZfpOE
Rep.RLTR31C_MM.LTR.ERVK,105142,-0.724393001,3.482766377,9.133119504,0.018302515,0.082941253,0_vs_12,ZfpOE,0_vs_12_ZfpOE
Rep.U2.snRNA.snRNA,8995,-1.133353679,-0.246544976,9.061085189,0.018622184,0.083955581,0_vs_12,ZfpOE,0_vs_12_ZfpOE
Rep.ORR1D-int.LTR.ERVL-MaLR,1641,-1.967549556,-0.847937379,8.862866208,0.019539603,0.086443829,0_vs_12,ZfpOE,0_vs_12_ZfpOE
Rep.MLTR73.LTR.ERV1,13493,-3.028991463,-2.218733861,8.75679454,0.020054415,0.08766978,0_vs_12,ZfpOE,0_vs_12_ZfpOE
Rep.IAPLTR2a.LTR.ERVK,188646,-0.621595268,3.049718501,8.461966204,0.021579838,0.091622975,0_vs_12,ZfpOE,0_vs_12_ZfpOE
Rep.Lx7.LINE.L1,23297,1.175987986,1.325650874,8.459863667,0.021591242,0.091622975,0_vs_12,ZfpOE,0_vs_12_ZfpOE
Rep.RLTR30D_RN.LTR.ERV1,15757,0.786250754,2.974631992,8.41763611,0.021821936,0.092178706,0_vs_12,ZfpOE,0_vs_12_ZfpOE
Rep.RLTR9D.LTR.ERVK,221926,0.602022607,3.995410347,8.341431655,0.022246323,0.09316328,0_vs_12,ZfpOE,0_vs_12_ZfpOE
Rep.RLTR44B.LTR.ERVK,38732,-0.892627813,0.933813441,7.793121483,0.025635471,0.101532498,0_vs_12,ZfpOE,0_vs_12_ZfpOE
Rep.RLTR20B5_MM.LTR.ERVK,202901,-0.661959869,2.985300217,7.66031808,0.026554642,0.103707641,0_vs_12,ZfpOE,0_vs_12_ZfpOE
Rep.L1_Mur1.LINE.L1,146611,2.285497367,-1.935699175,7.613023796,0.026892201,0.104405308,0_vs_12,ZfpOE,0_vs_12_ZfpOE
Rep.RMER17D2.LTR.ERVK,485061,-0.665618944,2.954680357,7.584842835,0.027095969,0.104886494,0_vs_12,ZfpOE,0_vs_12_ZfpOE
Rep.RLTR9A.LTR.ERVK,108221,0.599719626,3.116866932,7.507212989,0.027667658,0.106103094,0_vs_12,ZfpOE,0_vs_12_ZfpOE
Rep.RLTR53B_Mm.LTR.ERVK,15572,1.006117901,0.696843784,7.484118369,0.027840725,0.10658076,0_vs_12,ZfpOE,0_vs_12_ZfpOE
Rep.MLT1G.LTR.ERVL-MaLR,16323,-1.457126847,-1.196834143,7.141556264,0.030579588,0.11304285,0_vs_12,ZfpOE,0_vs_12_ZfpOE
Rep.RLTR20A2B_MM.LTR.ERVK,107392,-0.655177938,1.753375395,6.836403211,0.033318521,0.119064297,0_vs_12,ZfpOE,0_vs_12_ZfpOE
Rep.RLTR12B2.LTR.ERVK,27102,-0.873561047,0.528047656,6.704579488,0.034599502,0.121799286,0_vs_12,ZfpOE,0_vs_12_ZfpOE
Rep.MURVY-int.LTR.ERV1,1796229,-2.630773131,-2.08160174,6.621980082,0.035434652,0.123460811,0_vs_12,ZfpOE,0_vs_12_ZfpOE
Rep.LTRIS_Mus.LTR.ERV1,396857,-0.471171678,5.259931051,6.472543091,0.037012869,0.126709257,0_vs_12,ZfpOE,0_vs_12_ZfpOE
Rep.RLTR20B3A_MM.LTR.ERVK,147981,-0.642747408,2.983461755,6.444861031,0.037315125,0.127453431,0_vs_12,ZfpOE,0_vs_12_ZfpOE
Rep.RLTR1C.LTR.ERV1,26741,-0.712529128,1.091271624,6.406762995,0.037736345,0.128412297,0_vs_12,ZfpOE,0_vs_12_ZfpOE
Rep.MLTR31D_MM.LTR.ERVK,56023,-0.957886573,0.581528016,6.028542751,0.042271121,0.137097468,0_vs_12,ZfpOE,0_vs_12_ZfpOE
Rep.RLTR41A2.LTR.ERV1,29704,-0.812353091,1.293673907,6.023956778,0.042330316,0.137247107,0_vs_12,ZfpOE,0_vs_12_ZfpOE
Rep.U6.snRNA.snRNA,104188,-0.684709214,2.772598751,5.980719394,0.042893725,0.138263536,0_vs_12,ZfpOE,0_vs_12_ZfpOE
Rep.ORR1F.LTR.ERVL-MaLR,688234,-0.540614943,4.662594333,5.834449717,0.044873169,0.142116394,0_vs_12,ZfpOE,0_vs_12_ZfpOE
Rep.ERVL-B4-int.LTR.ERVL,5335,1.104756879,-0.915086597,5.789710131,0.045502163,0.14333113,0_vs_12,ZfpOE,0_vs_12_ZfpOE
Rep.RLTR31A_Mm.LTR.ERVK,53011,-0.729991839,0.973737172,5.693985735,0.046886796,0.146029794,0_vs_12,ZfpOE,0_vs_12_ZfpOE
Rep.RLTR31_Mur.LTR.ERVK,103788,-0.661204034,1.821048382,5.65350498,0.047488761,0.147104749,0_vs_12,ZfpOE,0_vs_12_ZfpOE
Rep.ETnERV2-int.LTR.ERVK,25065,1.021274294,0.687038698,5.578534041,0.048630318,0.149267023,0_vs_12,ZfpOE,0_vs_12_ZfpOE
Rep.RMER19B2.LTR.ERVK,276249,-0.536296177,3.345544959,5.530577885,0.049379235,0.150689454,0_vs_12,ZfpOE,0_vs_12_ZfpOE
Rep.RLTR13C1.LTR.ERVK,154694,-0.535348595,2.606573863,5.473149692,0.050295876,0.152600693,0_vs_12,ZfpOE,0_vs_12_ZfpOE
Rep.RLTR1A2_MM.LTR.ERV1,50386,-0.524390518,3.805419017,5.385175225,0.051743359,0.155244845,0_vs_12,ZfpOE,0_vs_12_ZfpOE
Rep.LTR16B1.LTR.ERVL,17075,-0.807472958,0.255948518,5.167790998,0.055559403,0.162248276,0_vs_12,ZfpOE,0_vs_12_ZfpOE
Rep.LTR53.LTR.ERVL,19585,-1.749494201,-1.914481616,5.161496602,0.055675259,0.162338553,0_vs_12,ZfpOE,0_vs_12_ZfpOE
Rep.RLTR13D3A1.LTR.ERVK,210544,-0.500574776,4.180732571,5.138730941,0.056096917,0.163047904,0_vs_12,ZfpOE,0_vs_12_ZfpOE
Rep.Lx4A.LINE.L1,78440,0.953567704,-0.646143636,5.101269555,0.056799845,0.164205603,0_vs_12,ZfpOE,0_vs_12_ZfpOE
Rep.LTR33.LTR.ERVL,31213,-1.104491174,-0.224324712,4.931142497,0.060140317,0.169992571,0_vs_12,ZfpOE,0_vs_12_ZfpOE
Rep.RLTR20B2.LTR.ERVK,213819,-0.582480908,3.11352366,4.900322378,0.060772614,0.171309018,0_vs_12,ZfpOE,0_vs_12_ZfpOE
Rep.ORR1B1.LTR.ERVL-MaLR,228131,-0.452013792,4.115151254,4.807919587,0.062720963,0.174901553,0_vs_12,ZfpOE,0_vs_12_ZfpOE
Rep.MLT2B1.LTR.ERVL,13765,1.262478027,-1.786633421,4.772809388,0.06348259,0.176241621,0_vs_12,ZfpOE,0_vs_12_ZfpOE
Rep.IAPEY3C_LTR.LTR.ERVK,107122,-0.583801837,1.307346317,4.667442754,0.065841857,0.18056266,0_vs_12,ZfpOE,0_vs_12_ZfpOE
Rep.RLTR8.LTR.ERVK,43706,-0.648967183,0.832426407,4.662908002,0.065945941,0.180777352,0_vs_12,ZfpOE,0_vs_12_ZfpOE
Rep.RLTR13G.LTR.ERVK,125080,0.860205769,1.410423704,4.601990019,0.06736521,0.183541339,0_vs_12,ZfpOE,0_vs_12_ZfpOE
Rep.MLT1F2.LTR.ERVL-MaLR,44840,-0.873033388,-0.586169297,4.584560764,0.067778599,0.18426348,0_vs_12,ZfpOE,0_vs_12_ZfpOE
Rep.4.5SRNA.scRNA.scRNA,55821,-0.436418258,3.78916166,4.514334074,0.069478199,0.187237557,0_vs_12,ZfpOE,0_vs_12_ZfpOE
Rep.RLTR13D1.LTR.ERVK,25357,1.005712422,-0.258825416,4.432970573,0.071517625,0.190885479,0_vs_12,ZfpOE,0_vs_12_ZfpOE
Rep.MTA_Mm.LTR.ERVL-MaLR,47316,-0.608719389,2.70400039,4.351334287,0.073643247,0.194595523,0_vs_12,ZfpOE,0_vs_12_ZfpOE
Rep.RLTR10.LTR.ERVK,94043,-1.07159946,-0.414804247,4.341456563,0.073906016,0.195069201,0_vs_12,ZfpOE,0_vs_12_ZfpOE
Rep.RMER12C.LTR.ERVK,32590,0.677004903,0.758907017,4.339720307,0.073952331,0.195153253,0_vs_12,ZfpOE,0_vs_12_ZfpOE
Rep.RMER21A.LTR.ERV1,124628,-0.448959657,3.362980284,4.17409981,0.078550716,0.203012549,0_vs_12,ZfpOE,0_vs_12_ZfpOE
Rep.IAPLTR2_Mm.LTR.ERVK,597889,-0.413364201,4.538603943,4.125502549,0.079970768,0.205604188,0_vs_12,ZfpOE,0_vs_12_ZfpOE
Rep.RLTR9E.LTR.ERVK,403819,0.425400139,6.253326869,4.116413302,0.08024009,0.206044633,0_vs_12,ZfpOE,0_vs_12_ZfpOE
Rep.RLTR9D2.LTR.ERVK,55062,-0.531430088,1.46272713,4.10227979,0.080661246,0.206708536,0_vs_12,ZfpOE,0_vs_12_ZfpOE
Rep.RLTR18.LTR.ERVK,153247,-0.548229272,3.032351906,4.077875876,0.081395294,0.207817982,0_vs_12,ZfpOE,0_vs_12_ZfpOE
Rep.Lx6.LINE.L1,119304,1.177500675,-1.200416239,4.072674678,0.081552873,0.208006904,0_vs_12,ZfpOE,0_vs_12_ZfpOE
Rep.ERVB4_2-LTR_MM.LTR.ERVK,62651,0.637240109,3.529112305,4.064391931,0.08180464,0.208483324,0_vs_12,ZfpOE,0_vs_12_ZfpOE
Rep.RMER17A2.LTR.ERVK,995978,-0.555491345,4.221855306,4.035362775,0.082695118,0.20984924,0_vs_12,ZfpOE,0_vs_12_ZfpOE
Rep.MLTR31C_MM.LTR.ERVK,71452,-0.468485889,2.098380237,4.000585477,0.08377875,0.211463641,0_vs_12,ZfpOE,0_vs_12_ZfpOE
Rep.MER67B.LTR.ERV1,16205,0.977667588,-1.177149635,3.991282221,0.084071789,0.211870333,0_vs_12,ZfpOE,0_vs_12_ZfpOE
Rep.RLTR1D.LTR.ERV1,120493,-0.480841524,2.261153063,3.955326682,0.085217075,0.213810546,0_vs_12,ZfpOE,0_vs_12_ZfpOE
Rep.MER21C.LTR.ERVL,87140,-0.749747709,0.829876903,3.889880107,0.087354897,0.217384233,0_vs_12,ZfpOE,0_vs_12_ZfpOE
Rep.RLTR14.LTR.ERV1,355336,-0.439907727,3.937432581,3.880608316,0.087663441,0.217855679,0_vs_12,ZfpOE,0_vs_12_ZfpOE
Rep.MTB_Mm.LTR.ERVL-MaLR,43952,-0.518058455,1.903238553,3.847009919,0.088793601,0.219803616,0_vs_12,ZfpOE,0_vs_12_ZfpOE
Rep.RLTR1F_Mm.LTR.ERVK,29732,1.092762572,-1.248229339,3.841329378,0.08898657,0.220060632,0_vs_12,ZfpOE,0_vs_12_ZfpOE
Rep.RLTR34B_MM.LTR.ERVK,146522,-0.695808084,4.343448335,3.780851783,0.091075635,0.223573456,0_vs_12,ZfpOE,0_vs_12_ZfpOE
Rep.MIR3.SINE.MIR,17868,-0.685067928,0.537558409,3.770956596,0.091423569,0.22406893,0_vs_12,ZfpOE,0_vs_12_ZfpOE
Rep.RMER13B.LTR.ERVK,775562,0.467276091,4.800812531,3.691300641,0.09428923,0.228421582,0_vs_12,ZfpOE,0_vs_12_ZfpOE
Rep.RLTR10D.LTR.ERVK,159400,-0.417375831,4.06882886,3.68363305,0.094571288,0.228867524,0_vs_12,ZfpOE,0_vs_12_ZfpOE
Rep.BGLII_A.LTR.ERVK,57127,-0.504618544,1.41793893,3.648147125,0.095891252,0.230805086,0_vs_12,ZfpOE,0_vs_12_ZfpOE
Rep.ETnERV-int.LTR.ERVK,552250,-0.378921104,8.630454552,3.606596859,0.097467858,0.233405487,0_vs_12,ZfpOE,0_vs_12_ZfpOE
Rep.Lx3B.LINE.L1,77104,-1.096684099,-1.729706279,3.44194477,0.104063225,0.244043711,0_vs_12,ZfpOE,0_vs_12_ZfpOE
Rep.RLTR44D.LTR.ERVK,26495,-0.799092415,-0.496275952,3.398996878,0.105880098,0.246557077,0_vs_12,ZfpOE,0_vs_12_ZfpOE
Rep.L1Md_Gf.LINE.L1,1608299,0.50144726,1.757668061,3.391941365,0.106182583,0.246878615,0_vs_12,ZfpOE,0_vs_12_ZfpOE
Rep.RLTR19C.LTR.ERVK,11076,-0.829885984,0.08171917,3.323191949,0.109190848,0.251343392,0_vs_12,ZfpOE,0_vs_12_ZfpOE
Rep.BGLII_C.LTR.ERVK,8890,-1.022507376,-1.662380216,3.301367645,0.11016941,0.252794857,0_vs_12,ZfpOE,0_vs_12_ZfpOE
Rep.RLTR9A3A.LTR.ERVK,13860,0.855051706,-0.897433291,3.258073503,0.11214535,0.255534635,0_vs_12,ZfpOE,0_vs_12_ZfpOE
Rep.RLTR41C.LTR.ERV1,23829,0.7477734,0.418986998,3.209385511,0.114424086,0.258794325,0_vs_12,ZfpOE,0_vs_12_ZfpOE
Rep.ERVB5_2-LTR_MM.LTR.ERVK,192710,-0.588588344,1.796883968,3.202574643,0.114747745,0.259307949,0_vs_12,ZfpOE,0_vs_12_ZfpOE
Rep.L1VL4.LINE.L1,387602,0.560416365,1.228915259,3.197692899,0.114980479,0.259554737,0_vs_12,ZfpOE,0_vs_12_ZfpOE
Rep.Lx.LINE.L1,621578,0.566034041,3.761874959,3.182557301,0.115706061,0.260354117,0_vs_12,ZfpOE,0_vs_12_ZfpOE
Rep.IAPLTR2a2_Mm.LTR.ERVK,470397,-0.398860332,3.570977897,3.115862022,0.118976931,0.265420266,0_vs_12,ZfpOE,0_vs_12_ZfpOE
Rep.RLTR13D4.LTR.ERVK,70394,1.424704337,-1.584068646,3.098209022,0.119863227,0.266485259,0_vs_12,ZfpOE,0_vs_12_ZfpOE
Rep.RMER17B.LTR.ERVK,1279684,-0.535071807,4.761992495,3.070641677,0.121264964,0.268522577,0_vs_12,ZfpOE,0_vs_12_ZfpOE
Rep.MER68B.LTR.ERVL,5649,0.583993444,0.627711171,3.026886419,0.123535039,0.271689206,0_vs_12,ZfpOE,0_vs_12_ZfpOE
Rep.RLTR10D2.LTR.ERVK,67079,0.486569957,1.877866548,2.99369233,0.125295149,0.274346011,0_vs_12,ZfpOE,0_vs_12_ZfpOE
Rep.RLTR12BD_Mm.LTR.ERVK,99902,-0.571830376,2.334953149,2.9267211,0.128949568,0.279565163,0_vs_12,ZfpOE,0_vs_12_ZfpOE
Rep.RMER16B.LTR.ERVK,23253,-0.628171141,0.122664602,2.898863432,0.130511657,0.281692042,0_vs_12,ZfpOE,0_vs_12_ZfpOE
Rep.RLTR30C_MM.LTR.ERV1,26225,0.718306172,-0.393147197,2.892570869,0.130868008,0.282120399,0_vs_12,ZfpOE,0_vs_12_ZfpOE
Rep.RLTR23.LTR.ERV1,35053,-0.446116675,1.433908232,2.871518454,0.132069726,0.283750828,0_vs_12,ZfpOE,0_vs_12_ZfpOE
Rep.RLTR48B.LTR.ERV1,3044,-1.096247289,-1.730595617,2.864804481,0.132456081,0.284344993,0_vs_12,ZfpOE,0_vs_12_ZfpOE
Rep.L1Md_F.LINE.L1,1517216,-0.479908542,3.485063876,2.854427425,0.133056211,0.284955505,0_vs_12,ZfpOE,0_vs_12_ZfpOE
Rep.MER92B.LTR.ERV1,16754,-0.77486153,-1.014272356,2.81340768,0.135464478,0.288216752,0_vs_12,ZfpOE,0_vs_12_ZfpOE
Rep.RLTR26_Mus.LTR.ERVK,14218,0.911070653,-1.58594415,2.76070298,0.138645377,0.292497919,0_vs_12,ZfpOE,0_vs_12_ZfpOE
Rep.RLTR33.LTR.ERVK,431100,-0.441449784,3.509588083,2.746688128,0.13950807,0.293816686,0_vs_12,ZfpOE,0_vs_12_ZfpOE
Rep.LTR52.LTR.ERVL,12327,-0.894902719,-1.536961033,2.700732578,0.142388028,0.297497864,0_vs_12,ZfpOE,0_vs_12_ZfpOE
Rep.Lx5.LINE.L1,115503,0.591001009,3.633306718,2.653461078,0.14543454,0.30119893,0_vs_12,ZfpOE,0_vs_12_ZfpOE
Rep.RLTR6_Mm.LTR.ERV1,121261,-0.345258231,3.521176815,2.630367706,0.146954805,0.303359553,0_vs_12,ZfpOE,0_vs_12_ZfpOE
Rep.RLTR21.LTR.ERVK,376326,-0.44161305,3.469937435,2.609392857,0.148354229,0.304902822,0_vs_12,ZfpOE,0_vs_12_ZfpOE
Rep.MER88.LTR.ERVL,6237,-0.914047476,-0.995995316,2.608459254,0.148416936,0.304942264,0_vs_12,ZfpOE,0_vs_12_ZfpOE
Rep.RMER6BA.LTR.ERVK,78371,-0.510622553,1.286939375,2.585464155,0.149972779,0.306709634,0_vs_12,ZfpOE,0_vs_12_ZfpOE
Rep.Lx2B2.LINE.L1,82438,-0.631696743,0.882361148,2.459758949,0.15887974,0.318137802,0_vs_12,ZfpOE,0_vs_12_ZfpOE
Rep.RLTR6B_Mm.LTR.ERV1,340771,-0.348701111,3.659947031,2.437432711,0.16053611,0.320264817,0_vs_12,ZfpOE,0_vs_12_ZfpOE
Rep.MLTR12.LTR.ERV1,62744,-0.469009592,1.386054996,2.356341789,0.166753351,0.3283679,0_vs_12,ZfpOE,0_vs_12_ZfpOE
Rep.IAPEY4_I-int.LTR.ERVK,253712,-0.339322918,4.790035506,2.307673541,0.17064286,0.333187039,0_vs_12,ZfpOE,0_vs_12_ZfpOE
Rep.MTB.LTR.ERVL-MaLR,1855481,-0.309758533,6.534904375,2.279932986,0.172915347,0.335877237,0_vs_12,ZfpOE,0_vs_12_ZfpOE
Rep.B1_Mur3.SINE.Alu,41448,-0.491565091,4.859779351,2.237701412,0.176454988,0.340200053,0_vs_12,ZfpOE,0_vs_12_ZfpOE
Rep.ORR1E-int.LTR.ERVL-MaLR,52529,-0.524201666,1.167418815,2.221091412,0.17787431,0.341845837,0_vs_12,ZfpOE,0_vs_12_ZfpOE
Rep.Lx5c.LINE.L1,67910,1.286058001,-1.464974879,2.199865519,0.179710902,0.34449369,0_vs_12,ZfpOE,0_vs_12_ZfpOE
Rep.MLT1J.LTR.ERVL-MaLR,7112,-0.912702128,-1.95073678,2.154249667,0.18374676,0.349120994,0_vs_12,ZfpOE,0_vs_12_ZfpOE
Rep.RLTR5_Mm.LTR.ERV1,360412,0.586904478,-0.464512127,2.134070086,0.185571875,0.351244938,0_vs_12,ZfpOE,0_vs_12_ZfpOE
Rep.ORR1D1.LTR.ERVL-MaLR,2917612,-0.294670428,7.016128315,2.11489629,0.187329185,0.353437453,0_vs_12,ZfpOE,0_vs_12_ZfpOE
Rep.RLTR35B_MM.LTR.ERVL,55676,0.715672533,-0.39454975,2.112891569,0.18751424,0.353616063,0_vs_12,ZfpOE,0_vs_12_ZfpOE
Rep.MER74B.LTR.ERVL,11518,0.91630046,-1.087029321,2.081567743,0.190438709,0.35720851,0_vs_12,ZfpOE,0_vs_12_ZfpOE
Rep.RLTR43C.LTR.ERVK,64058,-0.508563221,0.414689285,2.066863502,0.191833225,0.358863666,0_vs_12,ZfpOE,0_vs_12_ZfpOE
Rep.RLTR16C_MM.LTR.ERVK,81630,0.349476885,2.098164729,2.041433392,0.194278393,0.361727714,0_vs_12,ZfpOE,0_vs_12_ZfpOE
Rep.RLTR16B_MM.LTR.ERVK,138466,-0.365138325,2.513318163,2.041279074,0.194293362,0.361727714,0_vs_12,ZfpOE,0_vs_12_ZfpOE
Rep.RLTR12D.LTR.ERVK,22534,0.485902416,0.633080437,2.03398213,0.195002996,0.362214877,0_vs_12,ZfpOE,0_vs_12_ZfpOE
Rep.RLTR26B_MM.LTR.ERVK,100039,-0.657483867,0.331582372,2.027638117,0.195622869,0.363017557,0_vs_12,ZfpOE,0_vs_12_ZfpOE
Rep.MER90.LTR.ERV1,6624,0.650355929,-0.648700913,2.026314812,0.195752512,0.363189927,0_vs_12,ZfpOE,0_vs_12_ZfpOE
Rep.MTB-int.LTR.ERVL-MaLR,5294,1.124154615,-1.862769287,2.018929471,0.196478233,0.364054459,0_vs_12,ZfpOE,0_vs_12_ZfpOE
Rep.RMER19C.LTR.ERVK,29208,0.425162801,1.245138501,2.004462963,0.197910602,0.365612881,0_vs_12,ZfpOE,0_vs_12_ZfpOE
Rep.RMER12B.LTR.ERVK,195907,0.34825251,3.518548157,1.9944178,0.198913712,0.366816453,0_vs_12,ZfpOE,0_vs_12_ZfpOE
Rep.RLTR17C_Mm.LTR.ERVK,49657,-0.59434298,-0.614143403,1.98927875,0.19942962,0.367492463,0_vs_12,ZfpOE,0_vs_12_ZfpOE
Rep.RLTR13C3.LTR.ERVK,84376,-0.512243809,1.023169776,1.989225488,0.199434977,0.367492463,0_vs_12,ZfpOE,0_vs_12_ZfpOE
Rep.RLTR20A2.LTR.ERVK,71808,-0.356476529,2.924498136,1.970324561,0.201348531,0.369819165,0_vs_12,ZfpOE,0_vs_12_ZfpOE
Rep.RLTR13B3.LTR.ERVK,204051,-0.298002245,3.742193668,1.9436383,0.204093884,0.373458589,0_vs_12,ZfpOE,0_vs_12_ZfpOE
Rep.RLTR9C.LTR.ERVK,167270,-0.458131297,0.952764732,1.93491406,0.205002658,0.374437087,0_vs_12,ZfpOE,0_vs_12_ZfpOE
Rep.RMER16C.LTR.ERVK,16391,-0.594870425,-0.746941674,1.927719227,0.205756352,0.37543942,0_vs_12,ZfpOE,0_vs_12_ZfpOE
Rep.RLTR26D_MM.LTR.ERVK,41775,-0.837833658,-1.763615131,1.869006227,0.212053392,0.382693661,0_vs_12,ZfpOE,0_vs_12_ZfpOE
Rep.MMETn-int.LTR.ERVK,80959,0.366499508,9.43296834,1.866921113,0.212281932,0.382908885,0_vs_12,ZfpOE,0_vs_12_ZfpOE
Rep.RLTR20A3_MM.LTR.ERVK,205254,-0.366549927,2.845760572,1.866710535,0.212305031,0.382917697,0_vs_12,ZfpOE,0_vs_12_ZfpOE
Rep.RLTR1D2_MM.LTR.ERV1,79849,-0.382168556,3.605370944,1.838834739,0.215394134,0.385873957,0_vs_12,ZfpOE,0_vs_12_ZfpOE
Rep.RLTR13F.LTR.ERVK,48956,0.533972079,0.194599165,1.819739736,0.217546527,0.388362543,0_vs_12,ZfpOE,0_vs_12_ZfpOE
Rep.LTRIS4A.LTR.ERV1,63576,-0.27544153,3.827066195,1.799533756,0.219857062,0.390475206,0_vs_12,ZfpOE,0_vs_12_ZfpOE
Rep.RLTR10C.LTR.ERVK,703982,-0.278776758,4.898933744,1.777210679,0.222449855,0.393749542,0_vs_12,ZfpOE,0_vs_12_ZfpOE
Rep.B1F.SINE.Alu,121499,0.340035673,4.059966291,1.723827288,0.228826949,0.40132051,0_vs_12,ZfpOE,0_vs_12_ZfpOE
Rep.ORR1A0.LTR.ERVL-MaLR,564004,0.301854625,5.711643871,1.695544485,0.232310228,0.405299412,0_vs_12,ZfpOE,0_vs_12_ZfpOE
Rep.RLTR19A2.LTR.ERVK,1987,0.670332146,-1.410489799,1.692478887,0.232692268,0.405730243,0_vs_12,ZfpOE,0_vs_12_ZfpOE
Rep.RLTR31_Mm.LTR.ERVK,26390,-0.347248896,1.557086783,1.669774769,0.235549516,0.409117438,0_vs_12,ZfpOE,0_vs_12_ZfpOE
Rep.RMER3D-int.LTR.ERVK,230858,0.432871948,2.381925935,1.669584451,0.235573676,0.4091256,0_vs_12,ZfpOE,0_vs_12_ZfpOE
Rep.RLTR12C.LTR.ERVK,31814,0.486924033,-0.451642904,1.59881065,0.24480739,0.418659869,0_vs_12,ZfpOE,0_vs_12_ZfpOE
Rep.ORR1C2.LTR.ERVL-MaLR,1404257,-0.259807083,5.617122908,1.584257236,0.246769712,0.420473974,0_vs_12,ZfpOE,0_vs_12_ZfpOE
Rep.MLT2C2.LTR.ERVL,14841,-0.786532357,-1.507194539,1.54357952,0.25237494,0.426704631,0_vs_12,ZfpOE,0_vs_12_ZfpOE
Rep.MER67C.LTR.ERV1,30229,0.490511482,-0.354900953,1.53111342,0.254129131,0.42860463,0_vs_12,ZfpOE,0_vs_12_ZfpOE
Rep.L1_Mus4.LINE.L1,672039,0.621499971,2.778138271,1.514219958,0.25653431,0.431553237,0_vs_12,ZfpOE,0_vs_12_ZfpOE
Rep.MTB_Mm-int.LTR.ERVL-MaLR,5175,0.72038654,-1.863969118,1.492865477,0.259621596,0.434590718,0_vs_12,ZfpOE,0_vs_12_ZfpOE
Rep.LTRIS_Mm.LTR.ERV1,237970,-0.276426052,3.061350953,1.488292983,0.260289588,0.435223733,0_vs_12,ZfpOE,0_vs_12_ZfpOE
Rep.RLTR10E.LTR.ERVK,47608,-0.286689564,1.928328011,1.404907274,0.272918755,0.449195254,0_vs_12,ZfpOE,0_vs_12_ZfpOE
Rep.RLTR20B3.LTR.ERVK,209084,-0.289610087,2.618439194,1.373464911,0.277911743,0.454587408,0_vs_12,ZfpOE,0_vs_12_ZfpOE
Rep.X7C_LINE.LINE.CR1,1634,-0.63041997,-0.875182272,1.361898056,0.279781991,0.456382434,0_vs_12,ZfpOE,0_vs_12_ZfpOE
Rep.MERV1_LTR.LTR.ERV1,108888,-0.310542201,3.270611094,1.30049523,0.290024773,0.467151503,0_vs_12,ZfpOE,0_vs_12_ZfpOE
Rep.Lx3C.LINE.L1,98758,0.467971508,-0.369333603,1.294076095,0.291127157,0.468336734,0_vs_12,ZfpOE,0_vs_12_ZfpOE
Rep.ORR1B1-int.LTR.ERVL-MaLR,362725,-0.260180079,5.432449277,1.275088309,0.294424313,0.471846496,0_vs_12,ZfpOE,0_vs_12_ZfpOE
Rep.RLTR13A.LTR.ERVK,123949,-0.382490357,2.529136841,1.251705814,0.298560735,0.47622476,0_vs_12,ZfpOE,0_vs_12_ZfpOE
Rep.RLTR13D6.LTR.ERVK,258359,-0.352161235,2.089855971,1.247688051,0.29928012,0.47715501,0_vs_12,ZfpOE,0_vs_12_ZfpOE
Rep.RLTR34C_MM.LTR.ERVK,86977,-0.352043606,0.346346088,1.24421276,0.299904443,0.47782426,0_vs_12,ZfpOE,0_vs_12_ZfpOE
Rep.RLTR20A.LTR.ERVK,54550,-0.408864563,0.047492293,1.223802423,0.303610308,0.481684363,0_vs_12,ZfpOE,0_vs_12_ZfpOE
Rep.BC1_Mm.scRNA.scRNA,70245,-0.252173849,3.339793551,1.222110353,0.303920576,0.481936279,0_vs_12,ZfpOE,0_vs_12_ZfpOE
Rep.ERVB4_1C-LTR_Mm.LTR.ERVK,129522,-0.481709132,0.68823624,1.213128214,0.305575507,0.483488665,0_vs_12,ZfpOE,0_vs_12_ZfpOE
Rep.ID_B1.SINE.B4,719395,-0.225801595,7.176302037,1.185887436,0.310677329,0.488582397,0_vs_12,ZfpOE,0_vs_12_ZfpOE
Rep.B1_Mm.SINE.Alu,64693,-0.229654646,3.714192299,1.183916229,0.311051424,0.489024385,0_vs_12,ZfpOE,0_vs_12_ZfpOE
Rep.L1_Mur2.LINE.L1,36405,-0.32547267,2.578965547,1.151729871,0.317256251,0.49544482,0_vs_12,ZfpOE,0_vs_12_ZfpOE
Rep.MTE-int.LTR.ERVL-MaLR,40099,-0.397207309,0.957684426,1.13576424,0.320403143,0.49817582,0_vs_12,ZfpOE,0_vs_12_ZfpOE
Rep.B4.SINE.B4,5875621,-0.230769476,8.651259347,1.132796732,0.320993219,0.498687589,0_vs_12,ZfpOE,0_vs_12_ZfpOE
Rep.RLTR10B.LTR.ERVK,47448,-0.270293374,1.515490189,1.128881466,0.32177426,0.499052767,0_vs_12,ZfpOE,0_vs_12_ZfpOE
Rep.MIRc.SINE.MIR,122187,-0.31166819,2.756701902,1.102894391,0.327031706,0.504212282,0_vs_12,ZfpOE,0_vs_12_ZfpOE
Rep.MLT1D.LTR.ERVL-MaLR,66086,-0.289267239,1.930247271,1.102718971,0.327067635,0.504212282,0_vs_12,ZfpOE,0_vs_12_ZfpOE
Rep.IAPLTR4_I.LTR.ERVK,38990,-0.71385295,-1.728740475,1.095262501,0.328600386,0.505796303,0_vs_12,ZfpOE,0_vs_12_ZfpOE
Rep.RLTR31B_Mm.LTR.ERVK,29007,0.419012654,0.174332545,1.073207104,0.333198382,0.510630528,0_vs_12,ZfpOE,0_vs_12_ZfpOE
Rep.RMER16A3.LTR.ERVK,25527,0.386354933,0.709317373,1.072513542,0.333344554,0.51078007,0_vs_12,ZfpOE,0_vs_12_ZfpOE
Rep.ETnERV3-int.LTR.ERVK,274156,-0.469092103,1.384296539,1.063288574,0.335298081,0.512545403,0_vs_12,ZfpOE,0_vs_12_ZfpOE
Rep.RLTR30D2_MM.LTR.ERV1,77549,-0.335828171,0.802147298,1.05411577,0.337257908,0.514489006,0_vs_12,ZfpOE,0_vs_12_ZfpOE
Rep.RLTR48C.LTR.ERV1,4524,-0.436432843,-0.661205513,1.04490761,0.339242926,0.516654885,0_vs_12,ZfpOE,0_vs_12_ZfpOE
Rep.ORR1A4-int.LTR.ERVL-MaLR,512384,-0.238506739,5.264538076,1.028653759,0.342790678,0.520324074,0_vs_12,ZfpOE,0_vs_12_ZfpOE
Rep.MLT2B2.LTR.ERVL,21339,0.579392401,-1.754437135,1.02036775,0.344621209,0.521896821,0_vs_12,ZfpOE,0_vs_12_ZfpOE
Rep.MLTR13.LTR.ERVK,30647,-0.507075699,-0.583353081,1.016395364,0.34550411,0.522857249,0_vs_12,ZfpOE,0_vs_12_ZfpOE
Rep.MLTR31E_MM.LTR.ERVK,42590,-0.35807802,0.182205744,1.014911642,0.345834773,0.523094067,0_vs_12,ZfpOE,0_vs_12_ZfpOE
Rep.ID4.SINE.ID,23666,-0.264976408,2.187884545,0.988458234,0.351813002,0.529578213,0_vs_12,ZfpOE,0_vs_12_ZfpOE
Rep.RLTR26C_MM.LTR.ERVK,50965,-0.610327935,-0.645788797,0.977892424,0.354245487,0.53183624,0_vs_12,ZfpOE,0_vs_12_ZfpOE
Rep.MER21B.LTR.ERVL,41406,0.249935009,1.518859628,0.9478341,0.361310193,0.538585646,0_vs_12,ZfpOE,0_vs_12_ZfpOE
Rep.MER90a.LTR.ERV1,22912,0.478057913,-1.204577564,0.925607537,0.366676536,0.544126548,0_vs_12,ZfpOE,0_vs_12_ZfpOE
Rep.ORR1D2-int.LTR.ERVL-MaLR,19725,0.93232983,-2.206091374,0.922503647,0.367435859,0.544715046,0_vs_12,ZfpOE,0_vs_12_ZfpOE
Rep.LTRIS4.LTR.ERV1,19606,0.39945224,0.630221036,0.906699585,0.371340698,0.548839672,0_vs_12,ZfpOE,0_vs_12_ZfpOE
Rep.ORR1G.LTR.ERVL-MaLR,8460,0.430941716,-0.482557926,0.901021402,0.372759625,0.549971069,0_vs_12,ZfpOE,0_vs_12_ZfpOE
Rep.RLTR44A.LTR.ERVK,26648,-0.434393339,-1.03179593,0.891961488,0.375041405,0.55198092,0_vs_12,ZfpOE,0_vs_12_ZfpOE
Rep.RLTR31D_MM.LTR.ERVK,38379,-0.319386289,0.69297535,0.891096864,0.375260318,0.552148492,0_vs_12,ZfpOE,0_vs_12_ZfpOE
Rep.PB1.SINE.Alu,16026,0.393163804,0.670063456,0.878703403,0.378420566,0.555050272,0_vs_12,ZfpOE,0_vs_12_ZfpOE
Rep.PB1D9.SINE.Alu,45747,-0.214480457,3.381958884,0.871935942,0.380164079,0.557063458,0_vs_12,ZfpOE,0_vs_12_ZfpOE
Rep.IAPEy-int.LTR.ERVK,1570059,-0.433892635,0.035967332,0.852371115,0.385277165,0.561736725,0_vs_12,ZfpOE,0_vs_12_ZfpOE
Rep.RLTR48A.LTR.ERV1,210283,-0.20116736,3.227581436,0.848947626,0.386183142,0.56266742,0_vs_12,ZfpOE,0_vs_12_ZfpOE
Rep.B1_Mur1.SINE.Alu,75963,0.179978135,5.155593924,0.843560443,0.387615701,0.563727813,0_vs_12,ZfpOE,0_vs_12_ZfpOE
Rep.MLT1C.LTR.ERVL-MaLR,51590,0.363715802,0.038088414,0.832004163,0.390717636,0.566894129,0_vs_12,ZfpOE,0_vs_12_ZfpOE
Rep.U1.snRNA.snRNA,34171,0.448039125,-0.881814944,0.831150009,0.390948489,0.567083459,0_vs_12,ZfpOE,0_vs_12_ZfpOE
Rep.BGLII_Mus.LTR.ERVK,91051,0.328780131,0.53223586,0.827600287,0.391910228,0.567977978,0_vs_12,ZfpOE,0_vs_12_ZfpOE
Rep.RLTR11D.LTR.ERVK,75998,-0.314834791,0.990744821,0.814275654,0.395554546,0.571450194,0_vs_12,ZfpOE,0_vs_12_ZfpOE
Rep.MTEb-int.LTR.ERVL-MaLR,87489,0.322611632,1.108374359,0.804919305,0.398146356,0.574326255,0_vs_12,ZfpOE,0_vs_12_ZfpOE
Rep.MER70A.LTR.ERVL,22684,-0.422594449,-0.710718202,0.796406625,0.40052845,0.576694034,0_vs_12,ZfpOE,0_vs_12_ZfpOE
Rep.IAPEY4_LTR.LTR.ERVK,29311,-0.275041412,1.536834529,0.784908971,0.403782783,0.579593434,0_vs_12,ZfpOE,0_vs_12_ZfpOE
Rep.RLTR13D.LTR.ERVK,16026,0.661785293,-2.206646035,0.783307051,0.404239612,0.580006541,0_vs_12,ZfpOE,0_vs_12_ZfpOE
Rep.RMER6C.LTR.ERVK,1146491,0.229036301,4.382842728,0.778749489,0.405543944,0.581099741,0_vs_12,ZfpOE,0_vs_12_ZfpOE
Rep.MLTR31F_MM.LTR.ERVK,36750,0.325982892,-0.192573694,0.765086835,0.409495589,0.58464012,0_vs_12,ZfpOE,0_vs_12_ZfpOE
Rep.Lx2.LINE.L1,276669,-0.310095401,2.067305878,0.757684577,0.411662984,0.586579294,0_vs_12,ZfpOE,0_vs_12_ZfpOE
Rep.LTR10_RN.LTR.ERVK,87764,-0.222446825,2.055995537,0.751521999,0.413481828,0.588230992,0_vs_12,ZfpOE,0_vs_12_ZfpOE
Rep.RLTR45-int.LTR.ERVK,154969,0.323059719,-0.003618889,0.737850958,0.417564399,0.591659794,0_vs_12,ZfpOE,0_vs_12_ZfpOE
Rep.MTC.LTR.ERVL-MaLR,774469,-0.185978766,5.471312417,0.737441686,0.417687646,0.59179454,0_vs_12,ZfpOE,0_vs_12_ZfpOE
Rep.L1VL1.LINE.L1,356721,-0.353418424,1.425560952,0.732487259,0.419184404,0.592876327,0_vs_12,ZfpOE,0_vs_12_ZfpOE
Rep.MLTR25C.LTR.ERVK,168741,0.346732778,0.616052711,0.729604035,0.420059541,0.593631088,0_vs_12,ZfpOE,0_vs_12_ZfpOE
Rep.RLTR13D3.LTR.ERVK,163388,0.269546643,2.304026489,0.723646825,0.421877359,0.595043793,0_vs_12,ZfpOE,0_vs_12_ZfpOE
Rep.RMER20B.LTR.ERVK,108127,0.273619546,0.459141328,0.721268555,0.422606737,0.595562052,0_vs_12,ZfpOE,0_vs_12_ZfpOE
Rep.RLTR4_Mm.LTR.ERV1,79538,0.183714211,3.772928887,0.718646571,0.423413296,0.59629004,0_vs_12,ZfpOE,0_vs_12_ZfpOE
Rep.RMER10A.LTR.ERVL,816151,-0.190037088,5.723372326,0.710353468,0.425981354,0.598623397,0_vs_12,ZfpOE,0_vs_12_ZfpOE
Rep.MamSINE1.SINE.tRNA,10419,0.556145455,-1.469162648,0.708967189,0.426413172,0.598949964,0_vs_12,ZfpOE,0_vs_12_ZfpOE
Rep.B4A.SINE.B4,11020911,-0.190481058,9.629561588,0.705123562,0.427614277,0.599955616,0_vs_12,ZfpOE,0_vs_12_ZfpOE
Rep.U4.snRNA.snRNA,1827,-0.398892101,0.863281185,0.696195414,0.430426257,0.602376674,0_vs_12,ZfpOE,0_vs_12_ZfpOE
Rep.MLT1E.LTR.ERVL-MaLR,13031,0.394120638,-0.46826602,0.690498272,0.432236897,0.60405573,0_vs_12,ZfpOE,0_vs_12_ZfpOE
Rep.MLTR18C_MM.LTR.ERVK,151700,0.26637931,2.444471032,0.668018236,0.439508532,0.609967511,0_vs_12,ZfpOE,0_vs_12_ZfpOE
Rep.MLTR18B_MM.LTR.ERVK,81524,0.295914579,1.48843096,0.664039375,0.440817204,0.611097928,0_vs_12,ZfpOE,0_vs_12_ZfpOE
Rep.RLTR46A2.LTR.ERVK,16224,-0.336417603,0.379156624,0.649035471,0.4458124,0.615668008,0_vs_12,ZfpOE,0_vs_12_ZfpOE
Rep.MLTR11A.LTR.ERVK,385185,0.207684782,3.621380071,0.647045409,0.446482219,0.616371275,0_vs_12,ZfpOE,0_vs_12_ZfpOE
Rep.RMER17A.LTR.ERVK,460824,-0.253960812,3.135110638,0.640881767,0.448567791,0.61841699,0_vs_12,ZfpOE,0_vs_12_ZfpOE
Rep.MLT2F.LTR.ERVL,20177,-0.493077579,-1.055725089,0.640250077,0.44878248,0.618631833,0_vs_12,ZfpOE,0_vs_12_ZfpOE
Rep.ERVB7_4-LTR_MM.LTR.ERVK,48726,-0.219246384,2.316941777,0.635510514,0.450398947,0.619600646,0_vs_12,ZfpOE,0_vs_12_ZfpOE
Rep.RMER17C2.LTR.ERVK,282680,-0.250561759,2.240011794,0.626890168,0.453364866,0.62180908,0_vs_12,ZfpOE,0_vs_12_ZfpOE
Rep.ERVB7_3-LTR_MM.LTR.ERVK,93494,0.247050515,3.106205029,0.62135116,0.455288501,0.623211862,0_vs_12,ZfpOE,0_vs_12_ZfpOE
Rep.RLTR9F.LTR.ERVK,122739,-0.246894499,1.159530841,0.62003307,0.455748345,0.623451162,0_vs_12,ZfpOE,0_vs_12_ZfpOE
Rep.RLTRETN_Mm.LTR.ERVK,221786,-0.174371837,3.57310135,0.602687109,0.461876008,0.628261708,0_vs_12,ZfpOE,0_vs_12_ZfpOE
Rep.MMERVK10C-int.LTR.ERVK,1134086,0.221266307,5.244638766,0.585617269,0.468048345,0.633475849,0_vs_12,ZfpOE,0_vs_12_ZfpOE
Rep.MRLTR33.LTR.ERVK,3818,0.461674381,-1.385213254,0.566628809,0.475087601,0.640282495,0_vs_12,ZfpOE,0_vs_12_ZfpOE
Rep.RMER13A2.LTR.ERVK,13792,-0.267718725,-0.130511234,0.565437663,0.475535444,0.640527088,0_vs_12,ZfpOE,0_vs_12_ZfpOE
Rep.IAPLTR1_Mm.LTR.ERVK,194466,0.165778814,3.245062724,0.564811229,0.475771271,0.640669961,0_vs_12,ZfpOE,0_vs_12_ZfpOE
Rep.B2_Mm1a.SINE.B2,2779735,0.151210236,9.247910641,0.5591698,0.477904486,0.642393018,0_vs_12,ZfpOE,0_vs_12_ZfpOE
Rep.RMER16.LTR.ERVK,84698,-0.199087483,2.302835752,0.558698081,0.478083634,0.642429043,0_vs_12,ZfpOE,0_vs_12_ZfpOE
Rep.MLT1E2.LTR.ERVL-MaLR,38740,0.373295877,1.395786529,0.5454878,0.483149992,0.647124253,0_vs_12,ZfpOE,0_vs_12_ZfpOE
Rep.L1Md_A.LINE.L1,20120362,0.168194301,6.054672245,0.543255744,0.484015574,0.647829593,0_vs_12,ZfpOE,0_vs_12_ZfpOE
Rep.MIR.SINE.MIR,636974,-0.160131847,5.550122199,0.534218511,0.48754902,0.650983998,0_vs_12,ZfpOE,0_vs_12_ZfpOE
Rep.MTE2a.LTR.ERVL-MaLR,2469447,-0.172262468,6.517224716,0.527118589,0.490357989,0.653448023,0_vs_12,ZfpOE,0_vs_12_ZfpOE
Rep.RLTR10B2.LTR.ERVK,252709,-0.215657948,2.502290181,0.521489129,0.492606237,0.65548838,0_vs_12,ZfpOE,0_vs_12_ZfpOE
Rep.PB1D10.SINE.Alu,64704,0.153915964,3.846387158,0.512258926,0.496333619,0.659021997,0_vs_12,ZfpOE,0_vs_12_ZfpOE
Rep.MLTR18A_MM.LTR.ERVK,87713,0.319393151,2.867934722,0.51188514,0.496485653,0.659051428,0_vs_12,ZfpOE,0_vs_12_ZfpOE
Rep.RLTR17.LTR.ERVK,528820,0.144720271,5.107294035,0.504937747,0.499327158,0.661623354,0_vs_12,ZfpOE,0_vs_12_ZfpOE
Rep.B1_Mus2.SINE.Alu,7702281,-0.146505684,10.64172824,0.499446321,0.50159451,0.663368093,0_vs_12,ZfpOE,0_vs_12_ZfpOE
Rep.RLTR20D.LTR.ERVK,142516,-0.181265922,3.000128019,0.496706464,0.502732917,0.664212802,0_vs_12,ZfpOE,0_vs_12_ZfpOE
Rep.MTE2b.LTR.ERVL-MaLR,236385,-0.178725759,3.347038549,0.491864969,0.504756334,0.665881803,0_vs_12,ZfpOE,0_vs_12_ZfpOE
Rep.IAPEz-int.LTR.ERVK,5420384,0.158329065,5.31786023,0.484436993,0.507890414,0.668586012,0_vs_12,ZfpOE,0_vs_12_ZfpOE
Rep.RLTR24.LTR.ERV1,273012,-0.18663496,2.757946288,0.481336895,0.509209229,0.669726482,0_vs_12,ZfpOE,0_vs_12_ZfpOE
Rep.MLT1A0.LTR.ERVL-MaLR,16091,0.319012704,-0.903783891,0.477636301,0.510791942,0.670771378,0_vs_12,ZfpOE,0_vs_12_ZfpOE
Rep.RLTR19B.LTR.ERVK,53344,0.194654219,1.111810476,0.470499352,0.513870661,0.673552149,0_vs_12,ZfpOE,0_vs_12_ZfpOE
Rep.RMER4A.LTR.ERVK,110708,-0.169565814,2.733404671,0.467634612,0.515116327,0.674680115,0_vs_12,ZfpOE,0_vs_12_ZfpOE
Rep.RLTR13A1.LTR.ERVK,113578,-0.226381676,1.930470956,0.456283254,0.520109079,0.678682464,0_vs_12,ZfpOE,0_vs_12_ZfpOE
Rep.ORR1E.LTR.ERVL-MaLR,203691,-0.185400992,3.394286759,0.449168156,0.523285917,0.681010265,0_vs_12,ZfpOE,0_vs_12_ZfpOE
Rep.RLTR25A.LTR.ERVK,204271,0.197892695,2.484791648,0.424058311,0.534802783,0.690781451,0_vs_12,ZfpOE,0_vs_12_ZfpOE
Rep.ORR1A1.LTR.ERVL-MaLR,28753,-0.232534345,0.13920659,0.423330079,0.535144157,0.690903534,0_vs_12,ZfpOE,0_vs_12_ZfpOE
Rep.MTEa.LTR.ERVL-MaLR,1968863,-0.154494348,5.836507757,0.416898851,0.538177608,0.693510908,0_vs_12,ZfpOE,0_vs_12_ZfpOE
Rep.MER68.LTR.ERVL,11615,-0.362467149,0.310166741,0.416717512,0.538263632,0.693510908,0_vs_12,ZfpOE,0_vs_12_ZfpOE
Rep.RLTR12B.LTR.ERVK,183906,-0.17557499,2.930993307,0.410192646,0.541377065,0.696534274,0_vs_12,ZfpOE,0_vs_12_ZfpOE
Rep.MER57E1.LTR.ERV1,7732,-0.304339076,-0.814161075,0.406216574,0.543291856,0.698185995,0_vs_12,ZfpOE,0_vs_12_ZfpOE
Rep.ERVB7_1-LTR_MM.LTR.ERVK,220733,0.111717333,8.144577571,0.398705011,0.546946311,0.701522935,0_vs_12,ZfpOE,0_vs_12_ZfpOE
Rep.HY4.scRNA.scRNA,254,0.474038999,-1.44079861,0.398015335,0.547284309,0.70177053,0_vs_12,ZfpOE,0_vs_12_ZfpOE
Rep.MLTR11B.LTR.ERVK,193559,-0.203143549,1.894781125,0.395322144,0.548608214,0.702698501,0_vs_12,ZfpOE,0_vs_12_ZfpOE
Rep.RLTR16.LTR.ERVK,53164,-0.244365495,0.755354772,0.372457697,0.560114083,0.712573577,0_vs_12,ZfpOE,0_vs_12_ZfpOE
Rep.MTA_Mm-int.LTR.ERVL-MaLR,13133,-0.292570852,-0.476860434,0.362075944,0.565502903,0.716826502,0_vs_12,ZfpOE,0_vs_12_ZfpOE
Rep.LTRIS2.LTR.ERV1,573622,-0.115868508,7.091259918,0.354672351,0.569411963,0.720044975,0_vs_12,ZfpOE,0_vs_12_ZfpOE
Rep.ERVB7_2B-LTR_MM.LTR.ERVK,160581,0.139770284,2.445050124,0.348096577,0.572931597,0.722886867,0_vs_12,ZfpOE,0_vs_12_ZfpOE
Rep.MLTR31A_MM.LTR.ERVK,89716,-0.206782861,1.462995194,0.34564458,0.574255745,0.724036135,0_vs_12,ZfpOE,0_vs_12_ZfpOE
Rep.RLTR28B.LTR.ERVL,65489,0.171447243,2.583765499,0.334785153,0.580198889,0.728819385,0_vs_12,ZfpOE,0_vs_12_ZfpOE
Rep.MLT1B.LTR.ERVL-MaLR,33146,-0.274040094,-0.520402589,0.326838162,0.584632007,0.732418729,0_vs_12,ZfpOE,0_vs_12_ZfpOE
Rep.RMER16A2.LTR.ERVK,22429,0.18228879,0.969146791,0.325417785,0.585432032,0.73302785,0_vs_12,ZfpOE,0_vs_12_ZfpOE
Rep.B3A.SINE.B2,7941291,-0.132924462,9.995908104,0.325268171,0.585516439,0.733089875,0_vs_12,ZfpOE,0_vs_12_ZfpOE
Rep.ORR1D2.LTR.ERVL-MaLR,273389,-0.134240435,3.577196227,0.316447295,0.590539951,0.736965534,0_vs_12,ZfpOE,0_vs_12_ZfpOE
Rep.RLTR41.LTR.ERV1,144446,0.118856705,4.076280357,0.31090282,0.593745952,0.739605448,0_vs_12,ZfpOE,0_vs_12_ZfpOE
Rep.RMER17D.LTR.ERVK,327303,0.189823859,3.886521536,0.303428502,0.598128982,0.74325958,0_vs_12,ZfpOE,0_vs_12_ZfpOE
Rep.ORR1A2-int.LTR.ERVL-MaLR,893624,0.112772838,5.820042402,0.29597714,0.602570671,0.746528565,0_vs_12,ZfpOE,0_vs_12_ZfpOE
Rep.RLTR30E_MM.LTR.ERV1,19731,-0.424460035,-2.310688083,0.295409519,0.60291205,0.746756645,0_vs_12,ZfpOE,0_vs_12_ZfpOE
Rep.ID.SINE.ID,250579,-0.108917677,6.357607165,0.291371911,0.605352943,0.748696018,0_vs_12,ZfpOE,0_vs_12_ZfpOE
Rep.RMER12.LTR.ERVK,26114,0.236730751,0.015453672,0.288819629,0.606907426,0.749731495,0_vs_12,ZfpOE,0_vs_12_ZfpOE
Rep.ERVB2_1A-I_MM-int.LTR.ERVK,42043,0.364068153,-1.207327808,0.285110965,0.609182394,0.751046298,0_vs_12,ZfpOE,0_vs_12_ZfpOE
Rep.RLTR45.LTR.ERVK,559880,-0.127801485,4.76806415,0.281212555,0.61159478,0.752652172,0_vs_12,ZfpOE,0_vs_12_ZfpOE
Rep.PB1D11.SINE.Alu,42884,-0.142893621,3.313026394,0.273578399,0.616382933,0.755625308,0_vs_12,ZfpOE,0_vs_12_ZfpOE
Rep.MT2A.LTR.ERVL,198828,-0.142421448,2.127797178,0.272549375,0.617034963,0.755873218,0_vs_12,ZfpOE,0_vs_12_ZfpOE
Rep.MER54A.LTR.ERVL,15143,-0.376725083,-2.209782233,0.270859433,0.618109254,0.756594518,0_vs_12,ZfpOE,0_vs_12_ZfpOE
Rep.MLT1A1.LTR.ERVL-MaLR,17782,0.222907307,-0.195379137,0.262453592,0.623518303,0.759985232,0_vs_12,ZfpOE,0_vs_12_ZfpOE
Rep.B1F2.SINE.Alu,30605,-0.127407742,2.511814577,0.261845221,0.623914095,0.760159143,0_vs_12,ZfpOE,0_vs_12_ZfpOE
Rep.MLT1N2.LTR.ERVL-MaLR,10839,0.344050791,-1.943628075,0.260839597,0.62456963,0.760599103,0_vs_12,ZfpOE,0_vs_12_ZfpOE
Rep.MLTR14.LTR.ERV1,717281,-0.108926219,4.596351868,0.258654511,0.625999642,0.761659473,0_vs_12,ZfpOE,0_vs_12_ZfpOE
Rep.RMER19B.LTR.ERVK,2230761,0.114736274,6.743900228,0.254449087,0.628773816,0.763513657,0_vs_12,ZfpOE,0_vs_12_ZfpOE
Rep.MT2B.LTR.ERVL,433705,0.134512416,4.060083072,0.251481156,0.630749366,0.765244977,0_vs_12,ZfpOE,0_vs_12_ZfpOE
Rep.RLTR13E.LTR.ERVK,278767,0.123785408,2.965788838,0.250977061,0.631086385,0.765437551,0_vs_12,ZfpOE,0_vs_12_ZfpOE
Rep.BGLII_B.LTR.ERVK,70572,-0.168830911,1.382903156,0.24768242,0.633299753,0.766883285,0_vs_12,ZfpOE,0_vs_12_ZfpOE
Rep.RLTR24B_MM.LTR.ERV1,31324,-0.141646878,1.472742872,0.225973471,0.648371912,0.777920483,0_vs_12,ZfpOE,0_vs_12_ZfpOE
Rep.RMER16_Mm.LTR.ERVK,62789,-0.191327373,0.050058243,0.221352289,0.651696432,0.780567893,0_vs_12,ZfpOE,0_vs_12_ZfpOE
Rep.PB1D7.SINE.Alu,289022,0.096773152,6.383362118,0.220505865,0.652310028,0.780885852,0_vs_12,ZfpOE,0_vs_12_ZfpOE
Rep.IAPA_MM-int.LTR.ERVK,21002,-0.249335272,-1.235885361,0.217685096,0.654365509,0.782303048,0_vs_12,ZfpOE,0_vs_12_ZfpOE
Rep.RLTR47.LTR.ERVK,59853,0.168447508,0.828648157,0.216191844,0.655460329,0.783068032,0_vs_12,ZfpOE,0_vs_12_ZfpOE
Rep.RLTR30.LTR.ERV1,79978,-0.122758483,2.323322502,0.212646296,0.658078735,0.785420971,0_vs_12,ZfpOE,0_vs_12_ZfpOE
Rep.MT2B1.LTR.ERVL,801202,-0.12115824,5.023271853,0.211132925,0.65920458,0.786027899,0_vs_12,ZfpOE,0_vs_12_ZfpOE
Rep.RLTR13B2.LTR.ERVK,214601,0.169826925,1.443744624,0.20578873,0.663220551,0.78911572,0_vs_12,ZfpOE,0_vs_12_ZfpOE
Rep.RLTR19A.LTR.ERVK,4686,-0.219510871,-1.14082377,0.205567819,0.663387931,0.789225537,0_vs_12,ZfpOE,0_vs_12_ZfpOE
Rep.MTD-int.LTR.ERVL-MaLR,20043,-0.221484978,-1.140744129,0.196564207,0.670305677,0.794667357,0_vs_12,ZfpOE,0_vs_12_ZfpOE
Rep.RLTR13D2.LTR.ERVK,139017,-0.130546519,1.055784881,0.190265743,0.675260525,0.798649903,0_vs_12,ZfpOE,0_vs_12_ZfpOE
Rep.ORR1C1.LTR.ERVL-MaLR,21773,-0.137659783,0.381791693,0.189929484,0.675527831,0.798867401,0_vs_12,ZfpOE,0_vs_12_ZfpOE
Rep.MT2B2.LTR.ERVL,357466,0.103251722,4.099543845,0.183773248,0.680473066,0.802017451,0_vs_12,ZfpOE,0_vs_12_ZfpOE
Rep.RLTR31M.LTR.ERVK,29640,-0.140137838,0.291902087,0.178156801,0.685072447,0.805046286,0_vs_12,ZfpOE,0_vs_12_ZfpOE
Rep.MMERVK10D3_LTR.LTR.ERVK,50659,0.10467427,1.783724919,0.171374725,0.690743601,0.80902009,0_vs_12,ZfpOE,0_vs_12_ZfpOE
Rep.RLTR20B1.LTR.ERVK,164438,0.119895127,4.058964912,0.166172261,0.695185106,0.811890558,0_vs_12,ZfpOE,0_vs_12_ZfpOE
Rep.MLT1G3.LTR.ERVL-MaLR,29787,0.133525055,0.523320347,0.161949558,0.698851118,0.814622844,0_vs_12,ZfpOE,0_vs_12_ZfpOE
Rep.MMERVK9E_I-int.LTR.ERVK,182479,-0.109746899,4.032281202,0.161873163,0.698917958,0.814622844,0_vs_12,ZfpOE,0_vs_12_ZfpOE
Rep.MTC-int.LTR.ERVL-MaLR,183357,-0.088691377,4.204912325,0.158526682,0.701864359,0.816581814,0_vs_12,ZfpOE,0_vs_12_ZfpOE
Rep.L1Md_F3.LINE.L1,5481553,0.095866951,5.538363013,0.153155434,0.706670908,0.8197055,0_vs_12,ZfpOE,0_vs_12_ZfpOE
Rep.RMER13A1.LTR.ERVK,290887,-0.114246845,3.491228176,0.152799569,0.706992825,0.819916779,0_vs_12,ZfpOE,0_vs_12_ZfpOE
Rep.RLTR13D5.LTR.ERVK,474315,-0.128339524,2.414307305,0.152093075,0.707633225,0.820278633,0_vs_12,ZfpOE,0_vs_12_ZfpOE
Rep.X7A_LINE.LINE.CR1,1386,-0.186259592,-1.210284163,0.151159209,0.708482402,0.820908344,0_vs_12,ZfpOE,0_vs_12_ZfpOE
Rep.RMER4B.LTR.ERVK,76466,-0.106744213,2.027882675,0.148098243,0.711287448,0.823198239,0_vs_12,ZfpOE,0_vs_12_ZfpOE
Rep.RLTR9B.LTR.ERVK,54417,-0.137019834,1.368346575,0.146649187,0.712627139,0.824012478,0_vs_12,ZfpOE,0_vs_12_ZfpOE
Rep.MLT1A.LTR.ERVL-MaLR,20817,-0.212726706,-1.310943664,0.145945429,0.713280561,0.824461031,0_vs_12,ZfpOE,0_vs_12_ZfpOE
Rep.RLTR14-int.LTR.ERV1,41130,0.169063855,0.234043945,0.145021571,0.714141128,0.825092819,0_vs_12,ZfpOE,0_vs_12_ZfpOE
Rep.RLTR12E.LTR.ERVK,147952,-0.083993333,3.163232627,0.134655687,0.724022739,0.830907688,0_vs_12,ZfpOE,0_vs_12_ZfpOE
Rep.ID2.SINE.ID,5920,0.146098345,-0.359783589,0.132992629,0.725648481,0.832213628,0_vs_12,ZfpOE,0_vs_12_ZfpOE
Rep.MMERGLN-int.LTR.ERV1,602364,0.074133091,8.393182504,0.130885065,0.727725613,0.833867965,0_vs_12,ZfpOE,0_vs_12_ZfpOE
Rep.MLT1K.LTR.ERVL-MaLR,25897,0.116720755,1.059863699,0.128285118,0.730314598,0.83555939,0_vs_12,ZfpOE,0_vs_12_ZfpOE
Rep.RMER10B.LTR.ERVL,489171,-0.074846653,4.914928465,0.125499519,0.733121957,0.837768272,0_vs_12,ZfpOE,0_vs_12_ZfpOE
Rep.MMERGLN_LTR.LTR.ERV1,3327,0.147270419,-0.622759045,0.123988344,0.734659822,0.839069563,0_vs_12,ZfpOE,0_vs_12_ZfpOE
Rep.L1Md_F2.LINE.L1,19230215,0.09935943,6.915246753,0.123865685,0.734785115,0.839121488,0_vs_12,ZfpOE,0_vs_12_ZfpOE
Rep.RLTR22_Mus.LTR.ERVK,100513,0.120555343,1.39690901,0.122913511,0.735760144,0.839869984,0_vs_12,ZfpOE,0_vs_12_ZfpOE
Rep.B1_Mur4.SINE.Alu,278815,-0.075184325,6.001321452,0.119097467,0.73971148,0.842688857,0_vs_12,ZfpOE,0_vs_12_ZfpOE
Rep.RLTR12A.LTR.ERVK,207509,-0.106961892,3.049629792,0.117637401,0.741242277,0.8435217,0_vs_12,ZfpOE,0_vs_12_ZfpOE
Rep.RLTR20C2_MM.LTR.ERVK,113473,-0.084336553,2.239024983,0.114673258,0.744383403,0.845809765,0_vs_12,ZfpOE,0_vs_12_ZfpOE
Rep.B1_Mur2.SINE.Alu,66615,0.103809037,3.15223395,0.110895961,0.748453344,0.848416621,0_vs_12,ZfpOE,0_vs_12_ZfpOE
Rep.L1_Mus3.LINE.L1,2118561,-0.086153178,5.021634772,0.108503444,0.751071674,0.849963923,0_vs_12,ZfpOE,0_vs_12_ZfpOE
Rep.ORR1A1-int.LTR.ERVL-MaLR,495135,-0.068424516,4.855552979,0.107729471,0.751925622,0.850518258,0_vs_12,ZfpOE,0_vs_12_ZfpOE
Rep.MT2C_Mm.LTR.ERVL,164171,-0.092358175,3.119997193,0.106999562,0.752734106,0.851020657,0_vs_12,ZfpOE,0_vs_12_ZfpOE
Rep.RLTR9A2.LTR.ERVK,52203,0.110589172,0.859313749,0.105588886,0.75430544,0.851902549,0_vs_12,ZfpOE,0_vs_12_ZfpOE
Rep.B3.SINE.B2,18339570,-0.076881622,11.54857643,0.103635731,0.756500533,0.853443022,0_vs_12,ZfpOE,0_vs_12_ZfpOE
Rep.RLTR13C2.LTR.ERVK,36578,-0.107909755,0.436442375,0.102859052,0.757379835,0.853969892,0_vs_12,ZfpOE,0_vs_12_ZfpOE
Rep.MLTR18D_MM.LTR.ERVK,168249,-0.077275998,3.179293047,0.102607081,0.757665894,0.854024453,0_vs_12,ZfpOE,0_vs_12_ZfpOE
Rep.MLT1F.LTR.ERVL-MaLR,15149,0.145352234,-0.793025257,0.101788031,0.758598463,0.854709014,0_vs_12,ZfpOE,0_vs_12_ZfpOE
Rep.RMER13A.LTR.ERVK,333928,-0.077081032,3.332269235,0.099618758,0.76108877,0.856367438,0_vs_12,ZfpOE,0_vs_12_ZfpOE
Rep.RMER6B.LTR.ERVK,173205,0.104007566,2.854183791,0.098553829,0.762322338,0.857341482,0_vs_12,ZfpOE,0_vs_12_ZfpOE
Rep.RLTR13B4.LTR.ERVK,267867,0.087307606,1.323895785,0.097686501,0.763332494,0.858157979,0_vs_12,ZfpOE,0_vs_12_ZfpOE
Rep.LTR41B.LTR.ERVL,9893,0.194263191,-1.183417482,0.090548958,0.771841028,0.864302436,0_vs_12,ZfpOE,0_vs_12_ZfpOE
Rep.B2_Mm1t.SINE.B2,3068391,0.067294781,9.339943668,0.088919644,0.773834712,0.865541886,0_vs_12,ZfpOE,0_vs_12_ZfpOE
Rep.RMER19A.LTR.ERVK,191119,0.072523311,2.156621442,0.086020114,0.777432974,0.867422429,0_vs_12,ZfpOE,0_vs_12_ZfpOE
Rep.MLT1H1.LTR.ERVL-MaLR,16479,0.101255784,0.578651964,0.084100251,0.779852222,0.869106937,0_vs_12,ZfpOE,0_vs_12_ZfpOE
Rep.RLTR40.LTR.ERVK,530354,0.083299114,4.705161944,0.083119473,0.78109979,0.869979815,0_vs_12,ZfpOE,0_vs_12_ZfpOE
Rep.RLTR28.LTR.ERVL,523240,-0.07325586,4.529393472,0.082853105,0.781440002,0.870112921,0_vs_12,ZfpOE,0_vs_12_ZfpOE
Rep.RLTR25B.LTR.ERVK,49127,-0.101181259,1.415804553,0.082610087,0.781750915,0.870300226,0_vs_12,ZfpOE,0_vs_12_ZfpOE
Rep.LTR37B.LTR.ERV1,17447,0.229924718,-1.758156657,0.081447101,0.783245774,0.87108797,0_vs_12,ZfpOE,0_vs_12_ZfpOE
Rep.RLTR46B.LTR.ERVK,22654,-0.157965795,-1.117973558,0.076220911,0.790111357,0.875204755,0_vs_12,ZfpOE,0_vs_12_ZfpOE
Rep.Lx3_Mus.LINE.L1,462518,-0.114809501,1.38751989,0.075449021,0.791146833,0.87592968,0_vs_12,ZfpOE,0_vs_12_ZfpOE
Rep.RLTR6-int.LTR.ERV1,1635525,0.065336833,3.780639497,0.072133119,0.795661711,0.879028422,0_vs_12,ZfpOE,0_vs_12_ZfpOE
Rep.MER110A.LTR.ERV1,6893,0.146703599,-0.986486334,0.068953645,0.800097462,0.881621099,0_vs_12,ZfpOE,0_vs_12_ZfpOE
Rep.MLTR25A.LTR.ERVK,144893,-0.085863582,3.124040827,0.06720679,0.802581561,0.883115505,0_vs_12,ZfpOE,0_vs_12_ZfpOE
Rep.RLTR9A3.LTR.ERVK,73737,-0.084898675,0.881354993,0.065508931,0.805029492,0.884923359,0_vs_12,ZfpOE,0_vs_12_ZfpOE
Rep.MLTR32C_MM.LTR.ERVK,19565,-0.092374732,-0.116954519,0.065103906,0.805618466,0.885384338,0_vs_12,ZfpOE,0_vs_12_ZfpOE
Rep.RMER15.LTR.ERVL,1308565,-0.056439666,5.652448892,0.062303462,0.809745667,0.888065846,0_vs_12,ZfpOE,0_vs_12_ZfpOE
Rep.RLTR11B.LTR.ERVK,53941,-0.069927614,1.541362233,0.061833731,0.810447603,0.888601229,0_vs_12,ZfpOE,0_vs_12_ZfpOE
Rep.RMER17C.LTR.ERVK,107620,-0.100669829,1.137671519,0.05930816,0.814271467,0.891180658,0_vs_12,ZfpOE,0_vs_12_ZfpOE
Rep.IAP-d-int.LTR.ERVK,162292,-0.120318644,-0.947314582,0.058739145,0.815144923,0.89179807,0_vs_12,ZfpOE,0_vs_12_ZfpOE
Rep.LTR72_RN.LTR.ERV1,65205,-0.107265798,-0.674919211,0.055663444,0.819946205,0.894583479,0_vs_12,ZfpOE,0_vs_12_ZfpOE
Rep.RLTR13A2.LTR.ERVK,127172,-0.074667001,1.212423809,0.053567099,0.823299989,0.896567504,0_vs_12,ZfpOE,0_vs_12_ZfpOE
Rep.RMER17B2.LTR.ERVK,313935,-0.06794438,3.371213499,0.052881559,0.824411795,0.897359903,0_vs_12,ZfpOE,0_vs_12_ZfpOE
Rep.MTE2a-int.LTR.ERVL-MaLR,15463,-0.171844842,-1.390921879,0.052562308,0.824932161,0.897745356,0_vs_12,ZfpOE,0_vs_12_ZfpOE
Rep.MLT1E1A.LTR.ERVL-MaLR,34435,-0.090958295,0.356840163,0.049699996,0.829674369,0.900249701,0_vs_12,ZfpOE,0_vs_12_ZfpOE
Rep.5S.rRNA.rRNA,23697,0.089034516,-0.387439948,0.048386031,0.831899622,0.90169769,0_vs_12,ZfpOE,0_vs_12_ZfpOE
Rep.MTEb.LTR.ERVL-MaLR,861185,-0.049272505,5.645233072,0.041869086,0.843438158,0.908800184,0_vs_12,ZfpOE,0_vs_12_ZfpOE
Rep.RMER6A.LTR.ERVK,1290247,-0.048476733,6.303422641,0.039476293,0.847909409,0.911329218,0_vs_12,ZfpOE,0_vs_12_ZfpOE
Rep.RLTR18B.LTR.ERVK,39212,-0.073983827,0.120406228,0.038359132,0.85004546,0.912481789,0_vs_12,ZfpOE,0_vs_12_ZfpOE
Rep.ORR1A3-int.LTR.ERVL-MaLR,266218,0.04516224,3.34070457,0.038330234,0.850101142,0.912481789,0_vs_12,ZfpOE,0_vs_12_ZfpOE
Rep.LTR41.LTR.ERVL,18549,-0.13734229,-2.309136163,0.038325495,0.850110275,0.912481789,0_vs_12,ZfpOE,0_vs_12_ZfpOE
Rep.MER74A.LTR.ERVL,21003,0.145163372,-2.11596397,0.035841518,0.854981384,0.916260062,0_vs_12,ZfpOE,0_vs_12_ZfpOE
Rep.B1_Mus1.SINE.Alu,238747,0.034606547,5.616489599,0.033822673,0.859071364,0.918816508,0_vs_12,ZfpOE,0_vs_12_ZfpOE
Rep.RLTR14_RN.LTR.ERV1,178915,0.048660335,2.228237347,0.032602871,0.861604242,0.920495273,0_vs_12,ZfpOE,0_vs_12_ZfpOE
Rep.MIRb.SINE.MIR,552779,-0.040470788,5.306960401,0.032099914,0.862662906,0.921111396,0_vs_12,ZfpOE,0_vs_12_ZfpOE
Rep.RLTR13A3.LTR.ERVK,197085,0.050123207,3.351373943,0.026421322,0.875268212,0.929566235,0_vs_12,ZfpOE,0_vs_12_ZfpOE
Rep.MER31A.LTR.ERV1,6679,0.080671829,-0.501387914,0.025597214,0.877209827,0.930875887,0_vs_12,ZfpOE,0_vs_12_ZfpOE
Rep.RLTR30B_MM.LTR.ERV1,80054,-0.042685211,1.910162758,0.025089861,0.878421193,0.931550078,0_vs_12,ZfpOE,0_vs_12_ZfpOE
Rep.RLTR19.LTR.ERVK,30342,0.061242942,-0.347603458,0.023204,0.883038093,0.9342783,0_vs_12,ZfpOE,0_vs_12_ZfpOE
Rep.MURVY-LTR.LTR.ERV1,786244,0.034072007,3.909145697,0.022136973,0.885735995,0.936002566,0_vs_12,ZfpOE,0_vs_12_ZfpOE
Rep.Lx5b.LINE.L1,45201,-0.115805693,-2.209768262,0.02184699,0.88648066,0.936459621,0_vs_12,ZfpOE,0_vs_12_ZfpOE
Rep.LTR67B.LTR.ERVL,16243,-0.098235539,-1.691356607,0.019016325,0.894033376,0.941080696,0_vs_12,ZfpOE,0_vs_12_ZfpOE
Rep.MLTR31FA_MM.LTR.ERVK,71914,-0.058314486,0.655528696,0.016167233,0.902240928,0.945742473,0_vs_12,ZfpOE,0_vs_12_ZfpOE
Rep.RMER16B2.LTR.ERVK,22087,0.05288602,-0.429272616,0.013133968,0.911837103,0.951531391,0_vs_12,ZfpOE,0_vs_12_ZfpOE
Rep.MERVL_2A-int.LTR.ERVL,204681,0.030353085,5.140346932,0.012504423,0.913965758,0.952801693,0_vs_12,ZfpOE,0_vs_12_ZfpOE
Rep.RLTR31B2.LTR.ERVK,25866,0.039971309,0.259928439,0.011933977,0.915942027,0.953920996,0_vs_12,ZfpOE,0_vs_12_ZfpOE
Rep.ORR1A3.LTR.ERVL-MaLR,315875,0.024971132,3.91284514,0.011636822,0.916990485,0.954398285,0_vs_12,ZfpOE,0_vs_12_ZfpOE
Rep.MLT1F2-int.LTR.ERVL-MaLR,2789,-0.076987972,-2.028844412,0.011470364,0.917583733,0.954779391,0_vs_12,ZfpOE,0_vs_12_ZfpOE
Rep.IAPEY_LTR.LTR.ERVK,287994,0.025123976,2.689993342,0.010871027,0.919756695,0.955904934,0_vs_12,ZfpOE,0_vs_12_ZfpOE
Rep.RLTR12G.LTR.ERVK,59693,-0.036198456,1.653012214,0.010087209,0.922692195,0.957866674,0_vs_12,ZfpOE,0_vs_12_ZfpOE
Rep.RMER5.LTR.ERV1,1061471,0.023001184,4.918080995,0.009971549,0.923134998,0.958184411,0_vs_12,ZfpOE,0_vs_12_ZfpOE
Rep.RLTR11A.LTR.ERVK,650699,0.025889938,5.745850588,0.009865433,0.923543552,0.958324585,0_vs_12,ZfpOE,0_vs_12_ZfpOE
Rep.RLTR20A1.LTR.ERVK,16385,0.03333708,0.58602829,0.009171731,0.926270951,0.959875496,0_vs_12,ZfpOE,0_vs_12_ZfpOE
Rep.L1_Rod.LINE.L1,10666,0.056342876,-1.758120007,0.00815714,0.930455109,0.962220609,0_vs_12,ZfpOE,0_vs_12_ZfpOE
Rep.RLTR1B.LTR.ERV1,278130,0.018605305,4.674416489,0.00783775,0.931826091,0.963210734,0_vs_12,ZfpOE,0_vs_12_ZfpOE
Rep.RSINE1.SINE.B4,479205,0.017198286,6.327491081,0.007557885,0.933050766,0.963955293,0_vs_12,ZfpOE,0_vs_12_ZfpOE
Rep.RLTR12H.LTR.ERVK,46500,0.027537397,1.227734495,0.007207044,0.934618803,0.964503014,0_vs_12,ZfpOE,0_vs_12_ZfpOE
Rep.ERVB3_1-LTR_MM.LTR.ERVK,22704,0.031813054,0.446689046,0.006871935,0.936152876,0.965437944,0_vs_12,ZfpOE,0_vs_12_ZfpOE
Rep.BGLII_B2.LTR.ERVK,33844,0.038762467,-0.673881243,0.005702437,0.941826111,0.967695143,0_vs_12,ZfpOE,0_vs_12_ZfpOE
Rep.LTR40a.LTR.ERVL,27592,0.054457782,-1.831158104,0.00560559,0.942321161,0.967917191,0_vs_12,ZfpOE,0_vs_12_ZfpOE
Rep.RLTR13B1.LTR.ERVK,675467,-0.019072994,3.171111819,0.004884954,0.946148814,0.96990807,0_vs_12,ZfpOE,0_vs_12_ZfpOE
Rep.RMER20C_Mm.LTR.ERVK,185054,0.024454909,1.232533392,0.004398393,0.948896338,0.971401893,0_vs_12,ZfpOE,0_vs_12_ZfpOE
Rep.B2_Mm2.SINE.B2,9261083,-0.015609472,10.75864975,0.003952622,0.95155106,0.97293215,0_vs_12,ZfpOE,0_vs_12_ZfpOE
Rep.IAPLTR3.LTR.ERVK,310544,0.023472848,0.813458157,0.003371356,0.955250132,0.975046974,0_vs_12,ZfpOE,0_vs_12_ZfpOE
Rep.L1_Mus2.LINE.L1,1672604,0.02016417,2.621914375,0.003263235,0.955972653,0.97520624,0_vs_12,ZfpOE,0_vs_12_ZfpOE
Rep.RMER6D.LTR.ERVK,473256,0.013483263,3.468271997,0.002854763,0.958817102,0.976407223,0_vs_12,ZfpOE,0_vs_12_ZfpOE
Rep.ORR1A4.LTR.ERVL-MaLR,770945,-0.010002788,5.735995779,0.002421186,0.962070107,0.978361253,0_vs_12,ZfpOE,0_vs_12_ZfpOE
Rep.RLTR22_Mur.LTR.ERVK,308748,-0.015709686,1.606193921,0.001395495,0.971198444,0.983549539,0_vs_12,ZfpOE,0_vs_12_ZfpOE
Rep.RLTR6C_Mm.LTR.ERV1,3387,0.021973241,-1.308091473,0.001287356,0.972336309,0.984376019,0_vs_12,ZfpOE,0_vs_12_ZfpOE
Rep.ORR1D1-int.LTR.ERVL-MaLR,25030,0.025872517,-2.071237563,0.000918403,0.976632737,0.98634464,0_vs_12,ZfpOE,0_vs_12_ZfpOE
Rep.ID4_.SINE.ID,18728,0.00996696,2.054659082,0.000876318,0.977174224,0.986634796,0_vs_12,ZfpOE,0_vs_12_ZfpOE
Rep.RMER20A.LTR.ERVK,17655,0.022489941,-2.162275625,0.000867029,0.977295485,0.986634796,0_vs_12,ZfpOE,0_vs_12_ZfpOE
Rep.B1F1.SINE.Alu,56667,0.007529345,3.796428576,0.00064242,0.980455549,0.988780438,0_vs_12,ZfpOE,0_vs_12_ZfpOE
Rep.MLTR18_MM.LTR.ERVK,91937,0.007310332,1.792633833,0.00058685,0.981319779,0.989272357,0_vs_12,ZfpOE,0_vs_12_ZfpOE
Rep.RLTR13D3A.LTR.ERVK,7589,0.010556408,-2.257990115,0.000237873,0.988106214,0.993086862,0_vs_12,ZfpOE,0_vs_12_ZfpOE
Rep.L1_Mus1.LINE.L1,3543640,0.003315035,6.3623642,0.000129913,0.991210129,0.994670317,0_vs_12,ZfpOE,0_vs_12_ZfpOE
Rep.MMERVK10D3_I-int.LTR.ERVK,74508,-0.001389005,3.378078006,3.21E-05,0.995630945,0.997380404,0_vs_12,ZfpOE,0_vs_12_ZfpOE
Rep.MER34A1.LTR.ERV1,2796,0.002110468,0.256507465,1.59E-05,0.996925332,0.998017203,0_vs_12,ZfpOE,0_vs_12_ZfpOE
Rep.L1VL2.LINE.L1,377327,-0.000275245,-0.347520072,3.15E-07,0.999567325,0.999709984,0_vs_12,ZfpOE,0_vs_12_ZfpOE
