gene,dux_0h,dux_12h,dux_24h,dux_36h,dux_48h,dux_72h
A930004J17Rik,7.261304917,5.367311491,8.358832414,11.87744675,6.468971585,10.75676593
A930029G22Rik,0.33571203,0.734941952,0.61112208,1.518018616,1.179824985,0.466583579
A930037H05Rik,1.03666195,2.667118297,2.314311825,3.768756855,1.498222987,1.822738409
AC240460.1,1.186918583,1.732970752,2.956497193,6.453189882,3.122493239,2.699916986
AI197445,0.191881123,1.04857683,1.053675367,1.432904144,0.568857254,0.633678238
AI480526,4.839506486,7.056730922,10.17336712,11.76120756,8.960826348,5.769051811
AI661453,9.250246128,13.10331496,14.23461747,22.61917892,21.68197859,20.11624192
AU040320,10.3655542,8.842942419,15.20556706,19.77429626,16.61038546,18.01439103
AU041133,1.152782589,2.775237557,2.93142623,3.198880879,1.315347874,2.180402308
Aars,375.0883338,460.5692755,760.0760682,914.2941905,796.2394656,729.1769311
Aatk,1.563566754,0.992437484,2.112848391,4.728234001,3.355186514,1.444309937
Abca8b,0.737156035,1.088813631,1.682320228,5.880592062,4.358805161,2.260961969
Abcb6,1.531989837,1.224839554,1.685836483,3.466595474,2.869562255,2.11888767
Abcg4,0.997373714,0.774128815,1.913255789,3.235444533,2.337412679,1.183254609
Abhd12,27.64597701,26.10623252,39.63886807,46.33620314,43.5099774,45.99339734
Ablim3,3.74659649,1.859279995,3.767124668,4.891203479,2.288438465,1.681748153
Abraxas1,8.006392066,17.14336711,16.98062441,17.17232703,12.25916023,8.815226583
Acan,16.09856215,20.50246327,19.47681319,20.7809783,10.81824151,7.688935604
Ace3,0.21277071,0.108168252,0.495703657,0.668099271,0.489932924,0.081369622
Acot2,3.062571381,4.225179041,4.1702236,7.009585363,4.606558467,3.447798463
Acsf2,43.14620861,24.88468455,34.02891682,48.36077454,39.49935072,46.67247557
Acsm3,3.572732928,2.484648229,3.796211259,6.714675655,3.637811617,4.527159498
Acss1,26.8075463,17.02229929,39.11172239,70.38517166,63.92229519,55.93833647
Adam22,7.095933385,9.935050395,11.77856271,16.31983365,15.33718356,15.86765447
Adamts1,1.967969968,1.804957602,3.200625807,4.033633955,2.075655649,1.161692981
Adamts2,2.468686035,1.224839554,2.588227241,4.569657455,2.562637943,2.732343045
Adamts20,2.281485218,1.385873803,1.949178562,3.330875084,1.452987388,0.843587937
Adamts4,2.652106263,3.944383032,4.572834547,5.848115365,4.532713934,3.810780686
Adcy1,18.37703311,20.51169932,25.16220056,46.68223032,31.95324625,27.96509275
Adcy7,1.722653357,1.468607744,1.726401681,2.360430338,0.814792297,0.827533091
Adcy9,3.581186802,4.828699295,6.370060644,9.068238756,5.527616362,5.018553852
Adgra2,3.098833729,5.195763565,9.239700595,21.16085384,16.83293433,20.3039904
Adhfe1,2.813765631,2.53190254,3.40319285,6.656405498,4.758485737,2.914187492
Adtrp,0.694450156,0.601919379,1.900540102,3.61764265,2.608135388,1.553313462
Aff1,71.88436625,66.65978315,97.27752763,128.4937299,105.1146774,115.4917223
Aga,15.22441696,10.96896016,16.71236337,24.27533164,23.73032901,19.30682282
Ago4,3.172478022,1.561870105,2.50256834,4.267926897,3.255908508,2.315181982
Agtr1a,0.441481943,0.996247427,1.526144822,1.867213535,0.541799874,0.249863421
Ahcyl2,35.05186008,26.240107,36.34437517,58.39825599,53.63236836,51.83795615
Akain1,0.846430395,0.079452753,1.143200538,3.552440365,3.43206762,1.967416821
Aldh18a1,88.75322383,101.3221248,172.5467943,198.2350685,173.9853926,190.0194279
Aldh5a1,19.78664399,13.67250881,19.53142556,30.65631291,24.10145153,22.34711957
Alg1,23.61083872,20.0792659,30.56208071,40.81673055,40.44632519,35.51854996
Alg2,3.876089715,13.57083677,17.70661996,18.11966976,10.88556741,8.269316993
Alg8,3.627017979,11.24704741,11.53539452,14.48811862,11.66141428,10.12312816
Alpk3,27.68915744,33.00659025,41.26457748,76.43701938,58.32762909,60.01667333
Alpl,117.9125007,73.44083129,97.61525074,158.2988559,155.6331464,138.5867534
Amer2,0.561420914,0.276703514,0.744826991,2.940706171,1.308974774,0.807532225
Amotl2,23.29346536,36.9315392,56.98462366,64.09263071,50.84381382,46.57640181
Ank2,15.43207264,13.01414533,18.6044117,37.05370331,28.04012028,24.41214356
Ankle1,5.774162661,7.037625385,8.356931476,15.14368164,8.351336462,6.17864913
Ankrd12,21.48056521,20.61355152,32.21201654,62.7318024,59.41003046,57.95026557
Ankrd31,2.863601368,1.995108936,2.896646574,4.27480195,1.996799287,1.491415462
Ankrd44,9.116692301,6.814138533,12.19197491,20.10577733,16.97305929,12.79383951
Ankrd45,5.120939272,9.374057732,11.35391899,13.52290342,13.12680622,10.28029979
Ano1,1.701512329,0.906295772,1.252160156,3.835172445,1.644687876,1.421640127
Ap5s1,3.148507112,6.378828313,5.97993279,7.849201162,5.055629017,3.743290743
Apba1,1.272186746,2.172842711,2.427294275,3.893411025,1.761907432,1.537308521
Apba2,2.085086922,2.277945491,3.165423656,4.976793743,2.061986171,3.407317293
Aph1c,4.14019163,3.582438906,6.306715734,9.706920308,7.050806318,5.759156721
Apoe,1572.152051,1228.066858,2016.988739,2638.531505,2564.897996,2178.482075
App,30.96004755,17.64053458,37.11393093,93.98622277,69.25817514,77.73881235
Aqp6,1.472249497,0.788616393,1.929985449,5.163360973,2.880228617,1.37428513
Arfgef2,46.18244584,42.47419332,63.40559338,94.19462715,84.53806484,79.99782701
Arhgap18,4.935980396,1.74338581,3.636424608,5.374045977,4.209572357,2.849128326
Arhgap27,16.46729035,12.42578794,16.4923675,31.65986641,26.73439258,23.62007029
Arhgap33,6.318142142,3.253285313,4.321435067,7.03700566,2.824483973,2.662610207
Arhgef2,27.30046047,37.78512192,46.52072207,73.72082682,57.10338032,58.99571265
Arhgef9,2.573901518,3.415474506,3.762380194,5.995754667,4.49954036,3.268376375
Arl14ep,47.822532,88.0179184,139.7807789,141.4441521,98.63048162,67.65775162
Armc5,5.610377234,7.906809263,8.77926497,9.727040225,5.918066501,4.180957461
Arnt2,3.467870213,2.144688577,4.011808209,9.551991711,5.955531331,4.895404546
Arr3,1.627945653,0.691609836,2.076381808,3.779993278,2.189150261,2.893489545
Arsa,26.95539538,14.89881543,23.1615272,36.49202102,34.33649472,28.71906613
Arsb,0.747273478,0.745416391,1.170686562,2.519472791,1.554536334,1.431097411
Arsg,1.687516081,1.046176106,1.682320228,3.26063473,2.440910798,1.344951012
Asb17,0.195511077,0.269276808,0.642284905,0.982141719,0.839373295,0.189103943
Ash1l,21.03215887,32.30410596,33.93274262,52.98845418,42.21114038,48.85328495
Asic3,0.691641155,0.401796864,1.364229705,1.769593302,1.123838183,0.775099669
Atf3,1.950880927,3.055162779,10.04904416,10.99878072,5.293433392,2.124449016
Atp11a,64.22523651,74.14094919,73.69951717,131.9627844,113.9926267,129.5197299
Atp1a3,252.7156971,122.681013,151.8573435,268.1818752,148.7021159,112.2062062
Atp1b2,53.67128409,26.00416598,46.02391781,63.74204456,37.80045825,29.71574621
Atp2a2,439.6277442,395.9109317,523.4895697,758.5153978,713.3104157,736.4791027
Atp2b2,10.72102541,10.7112769,27.75213915,46.40108329,29.48461809,18.53136208
Atrnl1,16.12507841,18.65512454,20.60670504,36.03515215,29.37787297,32.09738076
Atxn1,8.550155123,8.400183716,8.547649283,16.24024386,12.22344119,15.32028752
Atxn3,53.44961041,73.81189816,104.8011316,120.4944073,106.6026992,81.16261074
Axin2,2.482381717,5.544036383,8.459963977,10.08682101,6.800691077,3.706546238
B230206L02Rik,8.644363037,4.539898987,7.65592189,11.96075846,8.287641936,5.46106879
B230303O12Rik,1.616737602,2.482236744,4.494334572,5.263560038,4.461177377,2.095212837
B3glct,23.59057413,17.78047391,27.44950106,43.11483002,29.63790296,22.37476779
B4galt5,27.56327567,46.35021885,57.92397565,66.598561,49.44664754,37.71986578
B930059L03Rik,0.786507546,2.202677768,3.123963042,4.257682566,2.535860364,1.379743991
B930095G15Rik,1.356033639,1.708291822,2.950584722,3.692267346,2.733924319,2.753352805
BC004004,23.59085341,31.55437569,46.74027615,50.23332497,47.93603457,36.42418142
BC024063,1.919803923,3.499713826,4.037902476,5.076182883,2.948795142,3.529288545
BC030343,0.762217412,1.017558887,1.95188227,2.799887352,1.764849348,0.858769199
BC048644,0.107269741,0.50553374,1.008331312,1.101986739,0.656829769,0.446438843
BC067074,8.632638555,7.574301813,13.16615407,20.86442571,9.881933829,9.698377901
BC107364,0.230143141,0.165511927,0.612517248,1.33539977,0.961192537,0.741213597
Barhl2,0.452086139,0.158176824,0.358085565,1.428599937,0.356636472,0.081369622
Bcan,6.081279875,2.778526987,3.561311055,7.88167448,2.85338703,1.236908304
Bcl11b,3.10870792,5.060130698,8.515702614,15.74691873,14.58642218,9.527123389
Bcl9l,9.178949854,9.190341353,14.46676886,23.09905747,17.64458915,14.60104782
Begain,6.72959412,4.134062731,5.953589133,9.469723928,8.42872886,6.736208181
Bend7,2.988801885,3.884686992,7.00332808,17.42823857,16.28806671,12.6213637
Bik,3.143280554,4.637828855,5.071146292,5.886977339,3.158206971,1.689249077
Bmi1,2.757293107,4.800714859,5.410976243,8.190014678,7.345370425,6.674723252
Boc,1.652882043,3.197170964,3.851644777,4.591732713,3.196946348,2.339761066
Bpifb4,2.918065924,1.575983726,3.014861229,4.650618882,3.318298127,2.066704061
Brinp2,2.122760123,1.951390035,2.221585969,3.159262665,1.121427742,0.683496938
Bst2,72.84247418,51.66135748,71.51194249,75.66416088,58.29382026,34.08833162
Btbd18,2.007242309,1.944405483,3.158999091,4.724500755,3.94342475,3.671067438
Btbd6,7.140995007,12.32621993,13.27375132,18.56613956,12.20372144,11.94150254
C030034I22Rik,4.579953756,2.280543598,3.209218174,5.552270968,5.45468249,4.459547566
C1qtnf4,2.201658315,1.222149239,1.312088764,2.94347922,2.537328761,1.797291785
C2,2.151266404,1.515862791,2.055949815,4.248192628,3.674648196,3.424007203
C2cd4c,1.873844042,1.590936146,1.703955712,4.180768542,1.419942719,0.578328728
C530008M17Rik,2.629948697,3.404463249,2.759905006,8.007721485,6.02325322,4.764812928
Cables2,7.085267764,6.639701794,11.60004559,13.90604945,7.935022265,8.180514987
Cabp7,1.314170838,1.855411328,3.259795556,3.393935084,2.569178462,1.434862477
Cachd1,1.477004853,1.823223914,3.64413397,6.746863318,5.256308333,4.357499185
Cacna1b,15.7287172,9.699438621,15.1412775,23.76524692,8.600285001,6.319425441
Cacna1c,1.501679414,1.149904973,2.232483338,3.564675587,2.846282859,2.891341574
Camkk1,12.11313826,10.19277273,13.07260187,24.71093985,21.50099946,17.25016444
Cap2,4.516291558,2.904565506,4.438775938,6.839353385,5.597350331,4.287009967
Card19,25.15070742,12.77687699,16.25029726,25.44839115,24.44896856,15.30421967
Carf,3.98875006,9.227481449,10.09525981,16.43616239,10.30917931,11.33333376
Carmil3,8.66129359,5.781461836,9.534122469,13.41949482,10.47626489,12.81485214
Casd1,3.924907169,7.875769457,8.826279461,9.084165674,8.373381929,6.254289944
Catspere2,0.205641775,0.795436554,1.228013087,1.331684791,0.87814587,0.411413366
Cbx4,6.54145583,3.488180401,11.41739713,16.06304702,9.680022311,7.712176822
Ccbe1,1.975220408,2.517000995,2.092078422,5.371041201,3.673181025,2.40322747
Ccdc150,0.522402994,1.171380191,1.580726061,1.734777265,1.236699699,0.661982983
Ccdc36,2.169683726,2.660697334,6.377309069,6.778718103,4.106591242,1.770298797
Ccdc62,1.677348808,3.705540713,3.316731165,4.429923593,3.541892029,3.389851025
Ccdc93,62.0416676,53.0482874,77.96438702,138.3340478,105.5415235,96.77290585
Ccm2l,3.980354718,3.550858166,4.257816365,4.43748846,3.608104454,1.001368577
Ccsap,4.969894266,9.649811626,9.924655205,12.82236171,12.35245031,8.977430892
Cct6b,1.257964839,1.292673013,2.950584722,3.354777151,1.649558719,1.354438167
Cd27,1.190519639,1.203720782,2.536031853,3.384837436,1.882272073,2.589515517
Cd55os,1.060576282,0.709353591,1.580726061,2.540267938,1.796449437,1.92565311
Cd59a,4.017223365,3.143611023,5.044374706,6.18978332,5.84106801,4.730774608
Cdc14a,3.43218091,5.560479907,7.567416258,16.1748699,11.40461496,8.697220715
Cdc42bpg,164.1494676,93.74640013,131.2858181,189.5588714,156.9319662,171.6780449
Cdh22,2.127319037,0.777613897,3.227011413,7.685429611,5.790068953,4.461352893
Cdk14,0.68067135,1.268466613,0.834199168,2.177013979,1.511959086,2.116892197
Cdkl4,1.739818647,1.69802549,2.188216606,3.08980254,2.378571878,0.93654421
Cdnf,0.054447137,0.512938625,0.53067183,0.691409221,0.485390076,0.57720205
Cdo1,5.051372543,4.049235098,5.525369894,8.825873408,7.696755772,5.298726426
Cds1,23.53330076,11.87165842,24.66912471,53.30841745,44.2019731,34.97798106
Cebpb,7.828437996,6.996025099,13.20987616,21.77589632,18.73013271,14.40141461
Celsr2,13.74916116,13.50499201,22.93413375,35.49145113,17.52267272,19.67798351
Cep170b,100.322891,66.0489526,106.9806517,165.1419874,132.4886053,158.7552176
Cerkl,0.870069324,1.060035742,1.450632627,3.124234073,1.73531789,2.431754609
Cerox1,6.016948706,3.694616219,5.19665283,6.538395856,3.90189417,2.291758513
Chadl,4.31252039,3.098155308,2.70531832,5.793258793,4.454627476,3.875009834
Chd5,20.08112478,14.45557856,33.51969071,51.8468103,33.30881128,28.60166131
Chil1,5.812096151,4.14909503,5.251492926,6.090381129,4.746275655,2.175772498
Chrd,6.133136214,3.662589617,5.244804172,8.930765844,8.068060332,8.858169875
Chrna7,2.932618659,5.210153712,8.439313955,11.01881371,6.71020688,5.283597629
Chtf8,0.392198926,0.806341757,1.863947481,1.871591948,1.401319026,1.101344586
Ciart,7.085267764,9.464032531,11.08452202,16.91422957,16.67367708,15.35781693
Cipc,26.59684714,36.39148871,41.68319923,59.88013402,58.7291782,48.22909933
Clcn4,2.904436839,4.390237585,6.273013629,6.498584905,4.722582495,4.246142632
Clcn5,56.6354955,91.81143612,126.1965942,140.130946,117.6456639,114.8059704
Clcn6,51.96012627,47.75985692,70.67487882,123.8979635,110.5505001,107.0885332
Clcn7,34.29707525,30.87400872,51.72400629,111.4715144,106.0459002,107.2394107
Clic5,1.008265743,0.258299621,1.004406353,1.925125365,1.721296014,0.875799056
Clip4,15.14211775,12.51472294,20.28252779,27.83855604,21.48076113,21.13474846
Clmn,33.56789983,23.38875832,30.21305485,55.00340828,34.93479521,37.13035711
Cln5,219.6308544,228.1953525,371.8821516,567.7108391,524.1102848,474.2521434
Cln6,33.26674171,21.85163903,41.97754337,66.21864385,59.21170252,57.78570425
Cnbd2,1.444378762,1.468607744,3.011567599,6.693674319,5.354298403,4.528311822
Cnksr2,4.270283402,5.002882824,5.339649065,9.676428484,7.845382898,7.004962783
Cnnm1,1.704380328,1.364149271,3.14315659,7.815699435,6.240854037,4.189350552
Cnnm2,57.5282874,44.7646877,76.92470568,87.30900591,67.94240005,84.71083793
Cntf,0.131852286,0.369355721,0.390653448,0.578545587,0.478587242,0.081369622
Cobll1,1.507885094,2.439100198,3.179696146,4.221232489,4.044788199,3.693276436
Col15a1,0.613633959,0.355414522,0.644848417,1.878854542,0.826184773,0.711849959
Col20a1,2.095033348,2.745173508,4.622734073,6.803239471,2.870147221,2.20686801
Col23a1,0.779044494,0.584221716,1.143200538,2.011125509,1.272739296,1.702667465
Col27a1,2.052917207,3.300650635,3.739903082,8.357310077,5.820537014,5.731850113
Col4a6,0.184590569,0.183212217,0.221860594,1.11842423,0.329665813,0.21739455
Col9a3,5.555672949,4.89409442,8.6116238,19.08030697,13.32189692,9.581047066
Colec11,0.16003549,0.133206271,0.193288688,1.094536642,1.06533166,0.218698067
Coq10a,12.37005135,7.830811854,14.79739225,19.02753781,17.77457882,13.86002142
Cort,4.791245048,3.036212309,5.230496264,7.614775928,5.645262528,3.866656435
Cox6a2,0.054447137,0.129461326,0.664274797,3.272347445,2.706827126,2.062672184
Cpeb1,6.037475863,3.149734502,6.280965639,13.25757237,11.56611112,10.70226209
Cpeb2,5.13535417,8.419568939,13.4618129,14.82426742,13.10549697,14.10406248
Cplx1,14.25786179,9.669032027,15.74403279,19.80747682,17.53138506,12.22711791
Cpm,3.396612889,6.062219555,6.659321524,7.790655491,4.124494417,3.099450301
Cpt1a,85.56969672,83.72022278,121.3250148,154.6656128,154.5121107,150.7299581
Cpxm1,14.62324583,10.20125996,11.40090299,19.12114225,18.03701763,17.98323428
Crat,12.04080493,7.681443167,10.57129466,23.82139826,21.2041275,21.51373628
Creb5,0.34299338,0.480404281,0.947267544,2.631783247,0.816928299,1.626225221
Crebl2,6.916723193,12.26719269,13.29652232,15.73840436,13.7455034,7.656725939
Crispld1,2.088661341,1.618485098,2.757869988,4.29692423,2.083133868,1.521536753
Crym,4.752847494,4.113867197,4.546347689,8.900598028,7.167745903,8.144478792
Ctcfl,2.415449095,0.938830705,1.401559993,2.543447623,0.571078937,0.354769637
Ctnnd2,1.608782428,2.060449142,2.268262125,3.73050636,2.969019105,3.234651241
Ctns,8.844275997,13.9392032,21.0496647,34.72176004,29.59008499,23.40106926
Ctsh,7.460213585,3.58341661,6.74245139,7.940070565,4.669299361,3.860381338
Cx3cl1,2.675301887,4.214065535,5.90009856,5.969640621,4.833895194,3.988051599
Cxcl16,5.848454706,4.952893833,9.140147044,16.54307711,15.93596135,13.77310764
Cxcr4,2.605762843,3.310705145,6.763451486,7.965380985,6.63221949,4.057877597
Cyb5r2,1.416162066,2.299871575,3.96106646,5.451000995,3.531324509,2.870743657
Cyp2j6,1.081988928,2.581587428,3.15416571,3.601628575,2.420765515,2.388598844
Cyp2j9,0.733626902,1.135693968,1.698781608,1.867710753,1.389818997,0.467971233
Cyp2t4,0.427493892,0.469375014,1.140682279,1.596297533,1.426407535,0.574319964
Cyp46a1,7.975744824,2.588329304,4.777065772,9.084352379,2.789252893,1.512920083
D430019H16Rik,3.931625004,3.70822016,6.620763755,11.09152804,10.59698913,8.412383117
D430042O09Rik,14.76429613,12.3007092,16.62318714,23.91153133,20.39351658,23.3434938
Dact3,64.49680118,59.1191838,119.9644359,125.3900969,89.41884575,50.44703401
Dagla,0.775555189,1.69747673,2.206661476,2.859144914,1.728178978,1.855332352
Dap,19.37711409,7.750940984,17.13222613,25.32251907,20.8215147,18.41510356
Dcp1b,4.180504594,7.053697763,10.36794863,12.95655412,8.289468491,6.528469072
Ddit3,50.63184701,41.65831303,185.7333042,343.7006249,249.1408198,142.1577582
Ddn,0.279348687,0.451699218,0.637171935,1.366399887,0.916253268,0.963486705
Dennd1a,9.299494296,11.99631574,14.66408511,20.77180161,17.14775535,18.83926614
Dennd2d,1.02477138,1.206531301,1.807802372,4.065084373,1.6697529,1.763653651
Dio3,3.129947652,3.931358891,7.569185844,10.58092687,6.444455953,4.801944108
Dlx2,0.89904382,0.351737593,0.895401671,1.786366464,0.87814587,0.356122824
Dmrtb1,4.628623649,2.355624667,4.792867003,8.023344687,5.380493683,5.54916883
Dmrtc1c2,2.092007231,1.171380191,1.859255722,3.183136695,1.448790694,0.663261961
Dmrtc2,3.691773508,1.916593831,3.234460378,3.739567016,2.023812323,0.969034042
Dnah10,11.95712266,8.968224393,15.32741513,33.85196641,17.14231943,19.03960196
Dnaja4,2.119902117,2.216397427,3.907979003,5.436707551,3.318298127,2.243224682
Dnajc3,47.01593741,37.21885256,51.12892993,78.28340591,67.04294635,67.63664648
Dner,3.739667285,1.565116145,6.470552512,7.660800156,7.463732868,6.975349156
Dnhd1,2.324113685,2.539476772,3.123963042,5.811705803,2.29483718,2.202572463
Dpep3,2.342535377,0.63791675,1.670056626,3.649726233,2.041947135,1.444309937
Dpf3,1.068261241,1.998947077,2.623681832,3.140560759,1.867897161,1.157830857
Dpp8,18.59715943,33.57264151,38.8322482,49.99320789,46.41274475,46.71897526
Drd1,0.63896224,0.136840827,1.590152973,4.316938872,2.127354054,1.521536753
Dsc2,5.762621835,6.073732046,13.41910546,17.50439923,13.62582518,14.53389038
Dsn1,18.79557194,28.68048772,31.16940197,42.27118794,37.96510158,32.66436396
Dtna,7.488111739,3.612965127,4.856887577,10.41253362,5.797528555,4.594341562
Dtx1,14.93197436,11.01869821,12.91700432,24.08558031,20.47872314,17.51842057
Dtx3,52.1549842,38.38123176,49.84923263,88.73948316,83.26016121,67.70323351
Dtx4,1.775726591,2.09613965,3.290660946,4.092040205,2.95124959,1.650318003
Dusp15,1.469265095,0.491520848,1.280602184,2.648585116,0.726819782,0.467971233
Dusp3,17.09828337,13.64389195,17.02603814,29.09303624,22.0498593,17.44212904
Dusp8,1.842370431,0.934860091,1.809554576,3.646582507,1.813774927,0.981155978
Duxf3,0.110844041,0.50553374,1.148397927,1.234078424,0.697389435,0.436916113
Dynlt3,33.42022192,25.73538318,39.86362172,47.85622257,45.25877304,45.32946993
Dyrk4,0.388493925,0.2155205,0.58252497,1.021647703,0.634152741,0.163506448
Dzip1,20.64904449,18.49735783,24.32048607,36.03626003,26.51940536,33.48125765
E130102H24Rik,0.58595477,3.410903483,3.498420849,4.092040205,3.463598485,2.265292811
E130307A14Rik,3.706684362,4.238551864,5.233650573,8.895814276,6.408657549,5.185698069
E330020D12Rik,51.90557531,17.04940407,46.47080197,62.90600006,48.59529451,39.30288094
Ebf4,3.390514573,2.055407591,3.58664417,7.767072827,5.652096179,5.500560329
Ecel1,2.613272522,2.163878136,3.498420849,7.10480913,3.938768756,3.174821423
Ednra,0.07905604,0.502495163,0.805725997,0.920166986,0.354455206,0.273991395
Ednrb,1.204632242,3.898699292,3.912112435,5.169455796,3.75477802,2.19814308
Efcab2,4.907055477,6.991134035,8.759745208,11.59231505,10.37868397,8.590164367
Efnb3,5.445833346,4.799056888,4.890943875,6.865968987,4.248335768,2.347193746
Efr3b,11.66635371,8.495121728,11.43519015,22.79960184,12.30328778,5.096386244
Ehd2,0.216463669,0.584221716,0.976991442,1.168351871,0.293496529,0.439622089
Elmod2,29.62094646,28.82889247,45.50379766,64.13752617,45.70836248,40.44949836
Elmsan1,28.79991136,51.23297927,71.34952714,116.8894883,104.9264016,89.73040637
Elovl7,19.53766556,22.4793324,40.23866353,51.40167144,49.94004131,51.0785461
Emx1,0.779044494,0.269276808,0.776026301,3.412078155,1.342921783,1.434862477
En2,1.475977637,1.597473623,2.316739279,3.732020354,2.222205853,1.107953854
Eno2,15.62641631,10.61303551,19.44477264,41.17130491,28.24555121,26.61823596
Enpep,1.290332835,1.067609219,1.809554576,3.020012345,1.6697529,1.214532084
Enpp1,3.157677996,2.474077344,3.292459193,5.523491875,2.477835022,2.302076325
Epc1,5.212735558,12.45367894,15.12672346,18.07268627,15.83694188,12.59882194
Epha7,2.409048336,3.129738098,4.639906144,6.191951638,3.611303056,3.355756408
Epha8,5.153423937,0.995410796,1.978701723,7.22141631,1.910978959,1.416302828
Ephx2,21.40832707,20.27998831,37.43077031,65.19843572,51.54438489,35.48183369
Eps8l2,9.70679781,4.707916461,8.880754202,17.68790635,15.36673813,14.40141461
Eqtn,0.054447137,0.211884792,0.391826147,0.597843815,0.458354131,0.357563821
Erfe,2.748906015,3.627658536,6.002465515,6.882183029,4.583860572,5.232871208
Esx1,3.656724408,1.41478469,2.060818393,4.553791989,2.497949043,2.170135972
Eva1c,0.889029712,0.641624699,1.395069179,1.956109747,1.716935368,1.304585563
Extl1,25.90416701,17.72699303,21.30347657,26.59141986,14.79062662,12.12175828
Extl2,3.144109624,9.643329059,9.51714707,10.96678232,8.410955612,5.611998234
Fa2h,4.069048247,0.963637981,2.970401456,4.826403718,2.639938362,1.075496716
Fam102b,8.200250185,7.098427147,10.70346158,19.2759174,10.39988177,7.126614739
Fam107b,18.83457917,11.50235673,31.22523923,45.6337109,36.34051647,33.07905472
Fam13c,4.416120638,8.144924074,11.17374474,13.30184488,9.80403146,9.843162255
Fam163b,4.172153131,1.178777517,2.811210856,4.589295412,2.071623915,1.712700246
Fam171b,4.609321652,10.14281519,10.96925854,11.85694305,6.040815682,6.404932337
Fam184a,9.169876308,6.13762559,11.67503413,19.28022397,13.98203228,16.82569686
Fam189a2,5.940255726,2.453375692,7.629178481,13.56915011,13.28790662,11.60259105
Fam228b,2.296150069,4.833194506,5.90228818,8.412723137,4.118707484,5.153182828
Fam57a,1.349324151,3.029765398,2.512734875,3.077889318,2.029796535,0.905649909
Fan1,8.372571913,17.39935202,17.54715896,18.43258102,13.59809861,10.969871
Farp1,11.65132978,10.37520722,25.53927305,26.58877301,19.43143997,22.49453356
Fbln5,0.927368191,0.774128815,2.341609948,5.678035216,3.743159706,4.404953129
Fbln7,0.325658879,0.298028182,0.526979508,1.545065421,0.90483913,0.911036403
Fbn1,7.518888955,5.945015785,8.718251758,16.27270368,12.28681349,14.7562337
Fbxl2,7.568577535,6.874343164,10.34163077,15.64441707,10.20060285,10.89102283
Fbxo48,2.678813888,6.339288434,6.042024745,7.869197938,3.370746021,3.018968037
Fcgbp,1.243970049,0.612957917,1.004406353,1.328360459,0.483160403,0.249863421
Fggy,7.297713023,6.564297933,9.410855879,12.2221358,11.8778242,8.996400182
Fgl2,2.680773901,2.825596008,5.329809822,7.653324558,5.645535834,2.786869877
Fhdc1,3.847190922,3.877218877,4.050884559,4.153333504,2.025662895,1.373194476
Fhod3,12.85604695,8.769941809,13.84249464,23.11127648,19.64695633,18.03216097
Figla,0.606997332,0.38412351,1.146040509,3.423614431,1.331514304,1.013407802
Fjx1,1.608782428,4.13625731,4.312148097,5.022988019,3.585791115,1.683007884
Fkbp6,5.644111046,4.701431694,8.637312645,16.76218284,14.48412474,15.2337443
Flg,5.227006363,5.452664591,6.060503997,14.14276664,10.22284237,10.82382511
Flicr,1.536102488,1.593806168,2.051831407,4.61167693,2.051419779,2.933618682
Fn3k,2.078275884,0.548111524,1.695193055,4.324670171,2.485620656,0.935296106
Fndc3b,29.45789653,29.60077743,52.27604087,82.33446218,64.84650228,62.155512
Fnip2,47.62899408,59.060641,99.09520654,192.0826314,183.8058233,174.1495977
Fos,5.652168232,2.724683623,5.654390291,5.81775822,3.205909955,3.093605461
Foxa1,0.466001721,0.601919379,1.332721293,1.774040449,1.452987388,1.037632166
Foxc1,0.258326344,0.161878846,0.446389534,1.121613339,0.659026445,0.470659176
Foxc2,1.798796092,0.509113268,2.04929129,3.02061186,0.785336943,0.75368268
Foxd1,0.71917424,0.645222241,1.282417517,3.168160979,1.818823494,1.324456629
Foxe1,0.110844041,0.233206571,0.75141168,1.063127207,0.390624449,0.330635123
Foxf1,0.163633084,0.054447137,0.054447137,0.539850036,0.388243074,0.276747022
Foxi3,1.289234448,0.999863169,3.519078735,4.611932723,2.656229424,2.363412941
Foxl2os,0.301103799,0.233206571,0.137513645,0.9669917,0.879969944,0.389842376
Fras1,0.68067135,0.896074384,0.976991442,2.899254948,1.209283776,0.855723689
Fzd1,0.529515004,0.970569318,1.70126286,2.44979076,0.771669408,1.269623381
Fzd6,1.272186746,3.694616219,3.78570062,3.867196411,3.543671754,1.679979982
Fzd9,5.12148846,4.716734028,7.046451999,9.769754889,7.863597525,7.019034893
Gaa,140.5497157,80.74126422,143.8462368,304.9681232,251.0199953,266.7478868
Gab2,0.708897726,0.666583532,1.225090992,2.33396267,1.570385164,0.492291162
Galc,16.12692705,16.78178935,29.24361799,46.91591656,39.88254962,42.25270416
Galns,7.3833445,5.120919591,10.56722776,14.720023,12.24455066,13.35226397
Galnt16,1.35241318,2.339110554,2.591097246,4.853522206,3.869054887,3.196015405
Galnt2,3.969700848,5.179380898,6.041871251,8.126002643,6.247502619,7.740282541
Garnl3,18.71137742,12.99227808,19.56317184,26.92969014,20.83753777,23.54285494
Gas1,1.04016409,1.425723811,1.225090992,2.935273808,2.169818137,1.965618487
Gata3,0.131852286,0.136840827,0.136193348,0.70686282,0.500933112,0.436916113
Gata5,0.103638586,0.265584025,0.810891351,0.943647701,0.873247773,0.364287878
Gbx1,0.867546894,1.98782626,2.572267822,3.852921265,2.937931594,1.529403142
Gch1,14.59152302,9.619837184,16.37681059,20.78809733,12.53309505,10.78931433
Gdap1l1,3.562997813,1.457411806,2.169945003,3.587258931,2.957822473,2.610307733
Gdpd1,8.928270354,6.930584626,11.28306081,14.77731131,11.33096384,8.914232056
Gem,2.75308305,1.922787883,3.47993452,5.382604178,2.451240595,1.931755452
Ggnbp1,8.595506656,5.316726336,6.389636697,12.05590398,9.47289274,8.908504917
Gja3,0.216463669,0.921100688,0.75141168,1.362830431,0.415275943,0.13794059
Gja4,2.042412627,3.878865156,4.022839412,5.545500651,3.576149844,1.685707258
Gjb2,0.262005119,0.806341757,1.784323728,3.230956331,1.904105914,1.192768639
Gkap1,15.04423273,11.97865569,20.17660127,28.51818836,26.10431864,25.85506656
Gli1,21.88142243,30.9465788,37.49962873,84.83608069,78.12678262,79.95087595
Glrp1,0.163633084,0.359088117,1.131314741,1.393588911,0.934201345,0.528663711
Glt8d1,10.71843361,13.37652787,17.60638776,26.72359019,22.38419376,22.73343003
Gm10010,2.049224404,3.391857379,4.043743216,4.52797514,2.292960215,2.260961969
Gm10222,0.578783943,2.828176965,3.158258523,3.576179135,2.623938497,2.239726184
Gm10553,0.054447137,0.272992789,0.866922968,0.927669107,0.232582182,0.194583541
Gm10685,0.392198926,2.862406341,11.18021427,15.01871342,10.15940123,3.586387256
Gm10785,0.976389825,1.919780479,3.59427725,4.178461293,3.122493239,2.301044406
Gm10856,0.33571203,1.718760807,1.333927855,2.348626995,1.360546433,0.878706786
Gm11399,0.574981678,1.2851464,1.863947481,3.157751832,1.701427052,1.629247845
Gm11427,4.456144118,5.428337735,8.895291817,10.3468922,10.30925429,6.920390174
Gm11837,1.061076875,1.224839554,1.123792959,2.394096659,1.930732546,2.201483735
Gm11944,3.911546334,1.622764605,2.660014442,5.698202997,4.406677711,4.438946667
Gm12905,1.755416856,2.24800021,5.25204504,10.09978472,6.177431572,4.827982564
Gm13036,0.16003549,0.290550247,0.85517709,1.176062139,0.415275943,0.082737743
Gm13223,0.269257606,0.70186822,0.860236379,1.712050607,0.643501152,0.333304889
Gm13238,0.054447137,0.290550247,0.476191189,1.040751035,0.36137051,0.221546161
Gm13261,0.63896224,1.357881183,1.633589405,2.848889486,2.150018428,1.579010952
Gm13369,0.533194537,0.344364212,0.415241108,1.723743411,1.015892609,1.074044568
Gm13404,2.53915461,1.69747673,2.754271593,4.673915917,2.061986171,2.047938633
Gm13522,8.580954471,6.420817679,8.168334432,14.94604004,9.311479223,10.216983
Gm14164,0.546882439,1.170530138,1.986922993,3.428349467,3.13324706,2.307828441
Gm14252,0.07905604,0.083162635,0.246566587,0.656111301,0.577813,0.410057596
Gm14276,2.271625444,4.680035569,5.585387949,6.493358887,6.035893163,3.402879267
Gm14494,3.340578079,2.9858994,4.813051132,5.589908412,4.933692931,5.484855987
Gm15288,0.128193666,0.426788373,1.049852128,2.205297522,0.516910885,0.412648808
Gm15347,0.969382625,1.668622369,1.895877879,3.826890139,2.820111646,2.757160648
Gm15510,0.103638586,0.484202423,0.665769046,0.947251068,0.568857254,0.21739455
Gm15533,0.184590569,0.083162635,0.190682487,0.713810402,0.63206228,0.385772545
Gm15675,1.384783624,2.392337414,3.156090286,3.843709731,3.758729189,3.030797672
Gm15777,1.0995857,3.926351271,3.57945155,3.941874606,2.472789055,2.021239497
Gm16124,0.103638586,0.2155205,0.443803351,1.064057498,0.325067069,0.13794059
Gm16185,72.35327307,39.15353968,84.27152375,124.2905557,77.31506479,89.16325538
Gm16577,1.733581864,0.952739648,1.782183088,3.143477007,3.018494381,2.371608771
Gm19327,0.58595477,0.53784947,1.318889057,2.212267978,1.703400679,1.877813598
Gm19792,0.663482018,0.298028182,1.166469293,2.003082542,1.486922142,1.657326195
Gm20731,0.540473677,0.298028182,0.330830374,1.374275098,0.715285246,0.933887228
Gm21032,0.054447137,0.745416391,0.919852633,0.955065022,0.449335907,0.220103293
Gm2379,8.211170483,10.37370673,12.2737091,19.3368327,16.982932,8.569856494
Gm2559,1.497819575,3.114958085,2.78604121,4.427476665,3.756331832,2.887746071
Gm26981,0.265656629,0.455493435,0.74861139,1.184353831,0.981346929,0.467971233
Gm28370,3.707120513,5.193939162,6.713122582,7.050914718,5.830075808,2.798638629
Gm28424,1.827902665,2.805277361,2.695846873,2.982129812,1.780142685,0.806250251
Gm28499,1.056883908,0.56297893,0.721399934,1.898485769,1.545634945,1.350047692
Gm29666,2.134119141,5.327257318,4.211107245,6.434740122,5.083032038,2.431754609
Gm30238,1.848899624,1.75008487,4.126927023,7.977897923,4.38342985,2.321744798
Gm32996,0.103638586,0.827758494,1.101539572,1.361399829,0.992783894,1.239581716
Gm3512,1.173277789,1.983156371,2.827215916,3.898134573,2.778100623,3.014559798
Gm364,2.831359786,3.228717942,5.128593274,6.595593782,4.931383549,4.770641677
Gm3650,3.857917724,3.124918939,4.593980456,6.264651569,6.262696202,5.902617527
Gm3715,0.684267239,0.845365232,0.974363015,1.844037603,1.757472562,1.180242791
Gm37186,0.301103799,0.1868494,0.557927021,1.001839584,0.681693552,0.906944106
Gm37370,0.469612564,0.133206271,0.246566587,1.032346023,0.695161881,0.945111248
Gm37422,2.039965901,2.387717942,2.415080116,3.993004286,3.975674426,2.636886085
Gm37570,1.215536132,1.199242562,1.97032067,2.875980432,1.503157737,2.815565105
Gm37669,0.346622635,1.242617319,1.445692319,2.344695789,1.644687876,1.29323541
Gm37691,0.371124001,0.856486354,3.581062088,4.064421167,1.732932138,0.993368292
Gm38100,1.525207516,0.827758494,0.887479339,2.095776333,1.967285151,1.297686013
Gm38102,0.726749352,2.155029397,2.254693631,2.982129812,2.061986171,1.320447592
Gm38157,0.61715787,0.401796864,1.004406353,1.370962006,1.058509823,1.244993775
Gm38192,1.691811467,2.538315215,2.651179992,4.029737145,3.150000265,3.364877891
Gm3854,1.58148713,3.224977071,4.343373124,4.551104136,3.021756757,1.161692981
Gm40040,4.523197714,5.790192327,7.03786641,11.93997259,7.720168965,9.295137365
Gm40849,1.771878403,1.683104916,2.123547215,4.142497365,2.51459231,1.801494813
Gm41442,0.258326344,0.494333847,0.971784913,1.187444089,0.659026445,0.358843846
Gm42890,1.786138384,2.341661454,4.333876493,6.371151534,4.721794956,2.728444126
Gm42979,4.584607919,7.880057116,7.74777193,9.705678795,9.503115751,9.407625785
Gm43080,5.71054985,6.28543449,7.833785095,16.26119313,10.13847248,13.06512849
Gm43200,0.544131449,0.083162635,0.330830374,1.047520135,0.383706541,0.962239229
Gm43272,3.058787852,1.6857849,4.844629137,10.34305241,5.153175056,3.854788003
Gm43273,0.828352755,0.408269256,0.615041628,1.778759173,0.977290016,1.433617544
Gm43305,1.423158951,1.292673013,1.825906424,2.969016098,2.454533935,2.462842613
Gm43398,0.385698137,0.2155205,0.831662931,1.332253151,0.688481799,0.276747022
Gm43481,0.546882439,1.343620366,1.225090992,1.967725781,1.902233149,1.547094949
Gm43668,3.289893455,4.341178254,6.312403743,7.506428606,4.86330383,5.411155593
Gm43759,6.334990047,3.910659046,4.9373104,11.63991537,9.362315109,8.309849659
Gm43823,0.07905604,0.108168252,0.138803798,0.555273979,0.383706541,0.220103293
Gm44167,0.163633084,0.881488497,0.80456746,1.964925219,0.819415395,0.414121689
Gm44750,0.578783943,0.36200401,0.445134089,1.712849745,0.668110371,0.525827161
Gm44836,0.350296759,0.355414522,0.6735902,1.405565748,0.945495308,0.389842376
Gm44873,3.862393322,3.640051479,6.485032162,14.75990233,11.15433433,10.04869832
Gm44921,0.61715787,0.834393252,1.728913915,2.8395145,1.15322245,1.327541566
Gm44949,2.542201702,2.065949585,3.999544577,8.363885953,8.006778368,7.582327228
Gm45337,0.054447137,0.236912925,0.755435619,0.9125429,0.634152741,0.331867001
Gm45820,0.110844041,0.63791675,0.89810946,1.180326666,0.611738935,0.990429828
Gm46603,0.128193666,0.108168252,0.163442583,0.586406089,0.577813,0.414121689
Gm47071,2.380502142,1.769638935,1.888050499,3.54781655,3.321708562,3.174821423
Gm47140,1.052997756,0.655642461,1.804768534,2.465177258,2.303282527,1.508690936
Gm47148,1.855002091,1.45465864,2.104651913,4.659469023,2.813606617,3.489689932
Gm47246,4.052311078,2.577775579,3.154193234,5.597946869,3.296649151,5.157309445
Gm47430,1.328504009,2.609576861,3.967448023,8.011397129,6.083065075,5.666249407
Gm47640,4.991678578,4.480922865,6.299139287,10.26119371,7.450129142,6.979330839
Gm47643,0.853386192,0.244241415,1.035434174,1.335175849,0.681693552,1.320447592
Gm4767,0.314754523,1.189726258,1.336780024,1.347800147,0.970619033,0.609441953
Gm4779,28.73756736,16.09291778,33.05417363,43.88626369,32.07287585,35.42085878
Gm48062,4.986227122,6.882585345,8.3443424,13.19432922,10.65220481,12.27483546
Gm48478,0.635223709,0.559139279,1.339285317,2.270822842,0.907457039,1.864420008
Gm4924,7.699866139,14.64846557,15.79067441,22.20369105,15.90660618,14.5152968
Gm49327,1.117282874,0.834906076,1.476836878,2.516147675,2.459601362,1.790704501
Gm49502,1.0995857,3.030695395,3.353460695,3.384837436,1.992706976,1.847163913
Gm49654,1.683554569,1.507832513,2.970401456,6.374535648,5.689450089,5.407690098
Gm49883,5.917314194,4.07557119,7.179492583,8.831340397,8.492598738,5.420032252
Gm49890,0.318492015,1.046176106,0.981055859,1.063127207,0.566538692,0.222900802
Gm50115,0.135452944,0.32670946,0.503514671,1.25789585,0.886822921,0.632231965
Gm50313,0.07905604,0.236912925,0.646433041,0.986953391,0.722100249,0.383096105
Gm50431,3.129947652,4.149294442,5.722038344,6.836175731,5.746697963,6.093829036
Gm5089,0.131852286,0.129461326,0.280338059,0.695291872,0.564109116,0.551470211
Gm5309,0.054447137,0.476828678,0.555392111,0.602239431,0.264173208,0.111018105
Gm550,5.133148011,4.37461394,5.556201246,8.213473474,6.686748191,7.627191004
Gm6200,0.314754523,0.770434411,1.464003095,1.898485769,1.335907688,0.913986635
Gm6566,1.067594293,1.579727202,2.320563709,2.872164001,2.466604135,2.780293083
Gm7045,1.623828935,1.500235557,1.470082721,3.598603855,2.445680323,2.171235184
Gm7694,1.947493633,1.353857998,2.892293878,5.906585758,4.31867865,2.312853169
Gm8066,2.943204374,3.293211312,3.569045291,7.088225547,5.798617359,6.395005129
Gm9343,0.054447137,1.035739953,1.202908309,1.219523631,0.659026445,0.245674912
Gm9908,0.88483744,0.480404281,0.665769046,1.036590519,0.207856235,0.193219693
Gnao1,2.503421557,2.421262778,3.420487098,6.65697274,3.411471594,2.695939743
Gnaq,29.30293379,28.86253091,39.98183205,62.56211476,55.6868942,47.52301447
Gng12,43.59518222,26.98146924,39.14093015,51.00778834,44.15650713,48.01525321
Gns,59.22971541,57.30204186,95.29239763,172.0081403,146.2065424,153.0305038
Got1l1,22.93991676,17.02371982,39.84396223,55.47624975,51.34548657,35.54333176
Gpr143,0.423986901,0.666583532,2.652060577,7.028056185,5.247643056,3.530896805
Gpr157,1.310540452,1.651068135,3.013097391,5.055054371,4.372670511,2.286517291
Gpr63,0.156407366,1.450608826,1.810515593,2.244893003,0.934201345,0.657826071
Gpr68,1.130933925,1.26483724,1.858520643,3.424354266,2.63775742,2.672469328
Gpsm1,23.5607228,11.30329012,17.07916525,24.05940677,16.9546626,15.56257262
Gpx6,3.313864365,1.203720782,5.959904511,13.81534435,13.4098563,6.684068921
Gramd3,9.851989077,7.154575946,8.727317052,10.32979025,6.46725203,3.980965719
Gramd4,31.48789364,23.0154782,37.10731683,61.10984987,44.58090558,34.74878435
Greb1l,13.38107276,6.931534255,10.86283758,15.90463323,10.68013602,9.122024327
Grhl2,27.21577979,37.25861564,40.90109454,51.06673418,35.3344395,18.49759659
Grid1,0.23740859,0.437887845,0.96803994,1.599031856,1.428275685,1.172285369
Grid2ip,1.022713159,0.723237274,0.922677125,4.240180173,1.662886065,1.079759157
Grin2c,3.348175413,1.922787883,5.346599555,17.75871185,14.23556017,8.836602283
Grina,38.50644609,15.04013173,36.96447572,68.92714463,55.86974929,56.89195819
Grk3,15.88048787,20.88718019,24.21125797,44.80983061,34.49745027,30.1747873
Grm2,2.443670734,1.063870366,2.13344669,3.369417941,1.967285151,0.749584738
H1f3,0.87801668,1.032298059,2.118449392,2.243929021,1.58879795,0.632231965
H2ac13,1.444378762,2.454622146,5.766298636,6.037294901,4.060133839,2.99745595
H2ac7,0.550502233,0.809879773,2.222822837,2.493373231,1.805101382,0.858769199
H2ac8,3.443800063,3.360821266,8.191266582,10.51486928,6.984552742,3.749716402
H2bc12,3.569748353,3.445053043,6.80793553,7.120568681,4.110585955,2.570202239
H2bc3,1.144953418,0.863683966,2.138600349,2.848889486,2.560172651,1.020310787
H2bc7,0.216463669,0.398107095,1.250720706,1.607395945,1.401319026,0.302317863
H2bc8,2.113582797,1.372474727,2.458635925,3.665861461,2.685113982,2.240551916
H3c10,1.652286399,1.877985679,4.455152003,6.024731743,3.111585914,1.859374112
H3c11,0.990215076,1.118467439,2.368727578,2.79483952,1.927171153,0.797855109
H3c2,0.487714002,0.616542263,1.486922279,1.816576185,1.155498995,0.525827161
H3c3,6.353865817,9.305155706,35.67318624,39.88023382,24.95780245,11.08660162
H3c7,0.783218817,1.235926353,2.722525414,2.889124596,1.775826235,0.688828432
H4c1,1.02975706,0.838657662,4.072427195,4.341494234,2.303282527,1.130530839
Hapln4,4.646732508,5.664866412,6.819201198,15.8644722,9.114722162,7.489970569
Hcn4,0.933782438,0.670304678,1.272985969,2.829464753,1.493701502,2.114847013
Hdac5,107.6774893,57.273599,82.80748786,111.4997775,101.7746374,102.0979742
Hdgfl3,7.293162961,12.25163404,17.20412011,24.16154357,23.0692152,23.02922738
Hectd2os,0.350296759,0.136840827,0.081708458,0.512735978,0.487656946,0.415546012
Herpud1,14.26999051,20.05701014,34.81756409,37.75567558,32.41529397,19.14570127
Hes1,38.33681233,29.76836378,52.72442888,62.49004382,57.60120319,36.38016467
Hes2,1.208596804,0.455493435,0.726693836,1.444234278,0.478587242,0.249863421
Hexb,96.23735187,71.94105282,147.1422684,156.389517,129.6101289,114.2690943
Hexim2,1.177389298,4.177404701,4.006941342,4.513377467,3.101578578,1.812317462
Hfm1,2.270972854,3.976744542,4.902317006,7.630772501,5.093139419,4.022005487
Hhip,0.716120601,1.664680114,1.736682735,2.3531327,0.948047977,0.964945586
Hhipl1,1.254974835,1.22887062,1.719232576,3.083017459,1.719457063,1.069997122
Hic2,31.19384492,57.29967427,79.24685715,113.4712759,94.01404573,87.94894414
Hist1h2an,0.420329547,0.480404281,1.139400129,1.762693314,1.238444456,0.467971233
Hist1h2br,1.423158951,1.153716867,3.011567599,3.203500927,1.606829215,0.911036403
Hist1h4n,0.853027315,1.214705506,4.628359025,5.115299693,2.759169853,1.025735269
Hlcs,9.227797703,14.99300202,16.47896983,23.63493816,19.32994256,18.67319649
Hlf,2.90470994,1.714695787,4.282076177,6.847515408,4.047669786,2.813113448
Hlx,0.18821563,0.197978601,0.445134089,0.741873429,0.568857254,0.082737743
Hmcn1,2.809891755,2.914278045,2.732795275,5.598355566,3.385593077,3.437579236
Hmx1,2.387083858,0.584221716,2.08958522,3.222482414,1.590311456,1.625273149
Hnf1a,2.898258333,3.35448571,4.860828593,8.059006312,4.420089275,3.751635055
Homer2,4.540219604,5.218628947,6.074922641,11.15882262,10.6937395,10.73840651
Hoxa1,0.920074365,0.934860091,1.339285317,2.833885534,1.92458868,1.795682783
Hoxa13,0.054447137,0.2155205,0.504732348,0.687596746,0.412985604,0.082737743
Hoxa5,0.07905604,0.108168252,0.197269925,0.717904502,0.334297538,0.302317863
Hoxb9,1.209686582,0.649038114,1.71561162,2.873502753,2.564976337,1.940423832
Hoxc12,0.082660838,0.108168252,0.333505275,1.013284056,0.59356447,0.415546012
Hoxc13,1.437015386,1.300657496,4.589827923,9.306722658,6.310024277,3.107386987
Hoxd13,1.004534919,0.881488497,2.311790034,4.642463612,3.13324706,1.155011803
Hoxd8,0.107269741,0.444292577,0.942208958,1.712849745,1.107657426,0.729567108
Hrh3,3.872633771,1.998033271,2.141312101,4.374467857,3.65017998,1.662587705
Hrk,8.394674622,13.14918293,29.17961427,78.8112188,53.37141816,38.45263005
Hs6st2,0.163633084,0.469375014,0.952613831,1.001839584,0.767015861,0.554131906
Hsdl1,19.62501195,13.14003324,20.17036883,26.36192228,21.91013087,22.60910477
Htr6,1.58148713,1.235926353,1.557505191,3.108874894,2.403336508,2.300843155
Ict1os,0.328631704,0.852760637,1.025086558,1.378518943,0.6094709,0.27260361
Idua,6.165674105,11.38848746,23.71753028,33.78066268,25.11475578,24.55553791
Igdcc4,13.22704696,9.196038312,12.38860451,20.47866701,14.69397514,17.08312597
Igf2r,212.1588994,173.5265345,286.3232034,520.6606685,368.9441514,407.1823674
Ighm,0.054447137,0.133206271,0.862787977,1.689056251,1.024546111,0.303658278
Igsf1,8.036373577,4.689893656,7.041836595,9.501543443,5.340419566,3.749716402
Ikzf4,2.82677041,2.178279207,2.290536915,3.61764265,1.523908586,0.969034042
Inka2,0.23740859,1.103666535,1.148397927,1.261743806,0.449335907,0.388569166
Insm1,0.054447137,0.161878846,0.478816657,0.492765645,0.237186993,0.299479873
Iqsec1,38.83770993,28.24027443,41.1003273,81.4205415,62.75611231,59.29334811
Irf2bpl,197.3579551,186.2738525,314.5393717,576.4294946,488.4833436,570.4798394
Irf8,14.13462679,6.831876121,16.26663418,21.11007698,14.6904372,8.00138629
Irx2,5.182972216,2.398976624,8.5976322,12.05918213,9.802490438,10.5781129
Isg20,0.536807615,0.423017941,1.088713984,1.511145343,1.281874704,0.768326147
Itga4,1.152782589,1.69747673,3.20684102,5.447377096,3.138320003,3.234651241
Itih5,6.58956545,4.475188957,6.958923076,7.856971386,3.104131087,2.836250416
Itpkb,3.847190922,2.75317001,4.224646635,10.86453442,9.794908788,7.774583804
Itpr1,148.6338199,104.5489424,157.5434687,223.8052637,159.6276898,153.0911745
Itpr2,6.006506753,2.617373536,4.95613998,12.63024248,10.70364518,6.610649894
Izumo1,2.453579195,1.980162202,2.672429388,4.752447955,3.308227778,1.800274978
Jade2,3.189387965,9.537622386,7.584223009,12.92893269,9.697297071,6.192246762
Jph3,3.495021757,2.144688577,3.508089942,6.13397538,2.389786745,1.821229168
Katnal1,4.422777432,4.64938168,8.051199722,12.5047947,10.47103263,8.397380699
Kcna2,0.131852286,0.083162635,0.333505275,1.063127207,0.577813,0.492291162
Kcnab2,4.632734678,2.309782543,5.293293168,5.417056538,4.015207803,3.797689292
Kcnc1,0.797070732,0.294304941,0.942208958,4.275636406,3.420140239,2.792248534
Kcng3,2.764045733,2.348781435,3.462139471,7.820768943,4.570922978,6.270390142
Kcnh1,1.234293291,0.849754448,2.006275174,2.658676087,1.859782585,1.434862477
Kcnj10,2.057263528,4.072824826,4.82689955,4.990904978,2.370541283,1.632664647
Kcnj4,3.456245673,3.35919077,7.178381171,11.70505785,7.956772388,5.342052318
Kcnma1,0.625018861,0.426788373,0.578714021,2.095353674,1.355803715,1.973433014
Kcnn1,2.748906015,4.55426088,5.09819768,12.41920048,10.98639038,6.657459613
Kcnq1,1.391443677,0.801922467,1.976091031,3.928900753,3.322681106,2.25632839
Kctd1,2.560328823,3.880575633,5.456320723,8.360412515,6.249261611,6.737819663
Kctd12,15.21662085,44.03743491,85.28190354,98.67725257,49.50678805,28.59125745
Kctd19,3.882647341,2.000982021,7.637630414,23.40338903,13.07140535,8.296275355
Kidins220,61.52248767,59.90650321,90.01697066,127.2952395,110.3359917,112.852256
Kif17,2.837303864,2.459687159,5.230932836,5.282534286,2.851112645,2.004697379
Kif1a,106.0366366,33.81319981,77.32191305,222.1691426,102.4434601,84.04985293
Kif21a,18.70097955,20.95945307,29.58023772,42.11101444,36.87815391,33.55607722
Klc1,156.5529646,110.6411862,154.0061187,234.2857032,177.0096344,202.6026379
Klf11,34.79810228,32.45804599,53.16220751,64.36557456,38.82502773,27.61581339
Klf12,14.19062314,19.20961945,23.45684267,37.08705639,29.92420688,30.49938022
Klf7,9.816553506,16.01934625,22.93864107,27.52480042,19.29286428,15.26332797
Klhl18,1.447339032,5.264607355,3.989355538,5.994440039,4.224192104,3.401876253
Klhl29,1.317668365,1.444415202,1.895877879,3.412078155,2.276612744,1.098187721
Klhl36,4.947276799,6.719828953,8.347789395,9.116628544,5.273238775,3.038352415
Klk13,7.222779618,5.984214488,7.80556014,13.33128596,8.638287288,5.168217922
Lamb3,24.04813953,12.51769483,24.68641705,46.78223581,27.76310082,27.47451637
Lamp2,86.95227257,51.74402059,129.4275907,211.5236909,196.3684168,197.3235175
Large2,31.44733895,18.54116766,29.62003398,53.24618051,46.75945448,36.79790214
Ldhb,347.6397187,240.6391589,384.4095571,549.5104547,539.4021176,408.7728887
Ldhd,2.331205889,2.842208458,4.572834547,5.770312323,3.444555238,2.647673723
Lemd2,31.9764245,28.56543669,36.96525035,58.45649601,55.68433475,50.46519892
Lepr,1.975220408,1.382438364,2.628219094,6.06044828,4.514454324,3.846000657
Lfng,3.769685177,2.46739104,5.664980729,6.253952121,4.010671654,2.985801896
Lgals12,2.179432683,1.425723811,1.798788794,2.280237399,0.598099294,0.383096105
Lgi2,7.097589357,4.170482048,7.967492328,15.25023599,8.380686304,5.130295532
Lgi3,0.927368191,0.977800298,1.467700384,2.927403527,2.089180195,1.717757853
Lhfp,2.43732564,2.19894334,2.733697066,4.230611654,3.064429706,3.837634661
Lhfpl4,2.647752321,1.589795075,2.565744275,4.164770425,1.47555596,1.401278119
Lhx9,0.184590569,0.079452753,0.225832169,1.095117768,0.352136001,0.135215842
Lif,2.036147614,2.02991685,3.481715589,4.27480195,3.971274164,3.339808645
Lipg,11.0177648,5.652687461,12.40630322,21.20635129,12.82600835,11.99532717
Lmbrd1,9.762882091,14.41010222,20.29602883,25.45790746,22.9383766,24.94284547
Lmo2,0.730022861,1.135693968,1.000526696,2.311083752,1.996799287,1.800274978
Lmx1b,0.63896224,0.348022537,1.475648412,3.88596174,1.610781203,1.131823822
Lpgat1,42.34555476,60.08612793,65.05347195,87.48782594,84.2212444,81.7790953
Lratd2,2.352678747,4.586268793,7.243419157,7.466985265,4.890656273,3.12178562
Lrcol1,1.844966785,1.27224989,1.635118965,2.095353674,1.087708104,0.44247471
Lrfn4,22.48670461,29.89671464,35.06257227,42.90306059,27.30299506,18.3799401
Lrp12,6.723956826,11.21612593,15.47714589,16.37929759,11.23208962,10.23160132
Lrp3,4.47086552,3.405945812,4.945422228,9.270784249,5.957504024,5.203546457
Lrrc27,6.009772843,3.927301095,5.722515273,7.297865969,3.13324706,2.783666498
Lrrc3,1.134133592,1.418693721,2.812813009,4.574222347,2.739307261,1.581928166
Lrrc31,6.205528789,7.881335227,15.29298747,20.33956046,18.68216789,19.78836633
Lrrc39,1.30680376,0.680644604,1.001605975,2.143202508,2.001425719,1.865898779
Lrrc51,1.081988928,1.049672587,2.257374281,4.003333453,3.106172335,1.519882768
Lrrc58,21.76656632,28.53332779,34.98605329,49.71727935,45.89857269,45.25487748
Lrrc75a,3.218100547,2.43740283,5.094823111,6.999681201,5.359474677,4.557244851
Lrrc8b,12.28445612,15.35576009,21.52018554,28.22695081,22.45791096,23.13390538
Lrrc8d,10.2643859,33.1022547,41.52780016,48.89145665,37.16956518,31.79231279
Lrrn1,0.23740859,1.299852422,2.394296736,3.36879881,1.874729182,0.691499281
Ltbp2,1.533029115,1.271234537,2.436865281,4.52933427,1.579030091,1.583136924
Ltbp3,18.81411431,12.53704909,17.76053027,35.84969419,29.01713878,21.24729739
Ltbr,2.509796927,3.496813523,4.821643681,11.36057765,11.05409605,10.98164429
Ly6k,4.863685375,2.059084619,3.306374122,6.827378897,3.735214122,2.153113707
Macrod1,5.164419045,2.574316165,4.248891629,7.902390921,6.955168887,4.858208848
Maf,0.181045247,0.261879147,0.914722933,3.890213096,2.63775742,1.940423832
Mafb,1.103431078,0.842498333,4.154547601,5.93580422,2.29483718,1.988869476
Magee1,2.781842371,1.956927118,2.869954913,2.942891332,1.241078484,0.935296106
Mal2,5.095540093,5.208490517,9.678502849,15.4981293,13.65534733,5.970237198
Maml1,4.69318334,16.10996979,18.7408402,20.10788341,12.68088265,9.557606746
Man2a1,36.45352384,26.05528708,39.5653485,56.57793965,42.03505873,47.19977315
Man2a2,44.32436544,34.06537707,48.62527891,74.64309655,50.46245634,65.43768955
Man2b2,21.53425849,11.30586915,28.03299262,59.48540265,50.12863907,45.08383102
Map3k13,3.338057172,5.072480405,6.031938114,12.60542809,7.201519966,6.560381259
Map3k15,20.58657297,17.7411828,20.55999736,37.26029703,26.39462905,21.59095066
Mapk8ip2,7.211188088,4.457870979,6.627545433,13.16284699,9.978078922,9.631958096
Mark1,10.3363105,11.1051878,11.39462717,21.18379127,17.41221787,19.29775626
Masp2,1.341643638,1.779566933,2.059041929,3.835800571,2.441004297,1.215426763
Mast4,9.388515152,8.655433848,11.81675561,18.77887412,14.83478583,16.76968746
Matn3,14.29391399,6.836387959,10.92111409,15.5638456,11.52213902,8.405720394
Mcoln1,57.60412247,46.8699096,77.78848784,174.6371399,150.8183255,132.1269988
Mcoln3,2.425755801,3.26415192,8.079070105,12.67751097,8.18688752,4.075755607
Mcrip1,19.30993893,15.51663126,23.02355431,29.53893351,28.6933708,23.23133806
Mdfic,1.757954021,3.132321251,4.3058119,4.451673662,3.82904276,2.093169764
Med12l,8.717801101,6.713822477,11.66200036,25.67681232,17.80328824,24.53606457
Megf11,6.818791182,3.645326736,5.921930447,11.95596383,7.078919566,5.296482875
Megf6,14.12302333,6.987959257,10.34647859,17.8956645,9.458819875,7.464617035
Meiob,2.703449832,1.196221669,2.831976545,3.252410029,1.847556663,0.943339112
Meltf,5.023082136,2.782031063,5.121534427,8.874132754,7.25943927,6.579050051
Mertk,7.703500587,7.769554959,10.1246602,14.19143525,12.98282569,14.11119414
Met,3.865168417,7.632342471,8.494179846,9.207862312,7.594101535,3.820615432
Mex3a,38.79155927,57.56574306,66.17213069,84.27310326,66.93526218,74.62933173
Mex3d,25.75536008,34.88011838,38.31415086,49.6275178,32.67613763,20.80923219
Mfhas1,1.345196635,2.345995054,3.985072954,5.620387462,3.646026022,2.467035138
Mfsd1,65.17701831,70.63001034,123.4450646,216.614696,213.8665835,206.3065253
Mfsd2b,2.785719324,1.619713393,2.393409982,4.379399996,3.365880568,3.820615432
Mfsd4b4,2.875950619,7.615940358,7.507585632,7.6309953,3.765958187,3.252107875
Mfsd6,2.225096761,3.455984637,4.979316894,7.075242438,3.810763744,4.661009414
Mfsd7a,2.855946435,2.155462783,3.556008163,5.235184119,3.980986304,3.468940804
Mgrn1,41.22292908,36.63120834,41.83099456,66.34376156,60.58854723,63.7905891
Micall1,8.386389903,6.243074161,7.558065294,12.1281014,7.290267598,11.88986309
Mid1,2.690968679,4.753672492,5.32444732,7.833754145,7.402165541,7.531834954
Mier3,10.69305921,15.9463223,24.17378488,27.72064473,27.26317886,22.97086414
Mindy2,8.871564767,7.150206538,11.26774308,18.23957236,13.50723243,13.79314259
Mir6955,0.34299338,0.236912925,0.644848417,1.258279435,0.665731534,0.30781169
Mirt1,4.076964011,7.545384148,10.26545271,16.42949917,13.35368084,11.58144504
Mlxipl,13.85910396,7.114180332,16.09051423,24.89566032,14.25733492,12.27483546
Mlycd,5.049714754,7.065272955,11.36256731,11.80952709,8.365781945,4.710667203
Mmd,4.610847954,2.287164735,5.831000181,7.924986351,5.596405091,3.982766185
Mmel1,4.336408835,1.905277163,3.092650621,5.415718806,2.608617788,1.894444067
Mmp11,49.71223859,49.23332129,88.15682415,123.0418718,99.32000828,98.94437821
Mnt,20.19779083,29.23839291,40.37979669,63.5141241,61.44082678,56.76201283
Mog,2.113633117,1.300657496,3.425515021,4.134573602,2.875033148,2.857735505
Morc4,16.72644065,9.839119162,17.0583766,23.80063976,16.74896854,19.73984374
Mov10l1,19.48275237,17.46139364,30.89947635,38.32264171,20.72734378,17.83659312
Moxd1,10.44920235,6.595155735,12.71569321,22.94363671,22.34729135,19.32356286
Mreg,111.2582242,151.1204623,283.0768393,313.4362153,304.4724189,294.0108014
Mroh1,80.77836389,60.78933674,81.69022763,142.3206194,103.5334461,106.6154476
Mroh2a,12.65844313,8.809723893,14.14651906,25.37843636,24.40971708,23.90244975
Mroh7,2.883394375,3.527252943,3.862463189,6.046325175,4.877610811,5.66635457
Msh5,2.672836275,2.505937914,3.377592877,5.338046577,2.906169708,1.91328599
Mss51,3.341149888,5.567187213,6.929755288,7.629447524,5.647880451,3.230517848
Msx1,0.927368191,0.649038114,1.767530226,2.176424208,1.141978872,0.438374856
Mthfd2,88.71974598,142.7875725,215.3509435,222.575785,220.7474003,197.1978602
Mtmr3,63.32128429,60.00836004,76.47960246,114.1826482,103.6534979,109.2526936
Mtss1,58.5877473,60.92223736,92.71700636,149.2050787,137.0230091,142.966088
Mttp,8.75488799,15.82206542,13.67261579,20.34581543,12.19422021,9.226324061
Mtus2,4.822180777,9.18749056,8.924551445,11.3475138,9.795278739,6.765032214
Mvb12b,8.061423736,7.640976555,10.01201323,14.85639812,13.4284592,14.7627604
Mxd1,4.048827688,6.528766439,8.143739349,9.050716815,8.227615689,8.750303346
Mycbpap,0.399394653,0.244241415,0.721399934,1.711559468,0.807852486,0.439622089
Myl3,0.68067135,0.211884792,1.031501824,1.937370874,1.029125555,0.527255643
Mylk,2.15522082,1.918453619,2.685866377,4.760260989,1.98080385,2.291758513
Myo18b,4.769408752,3.396615184,4.018039517,6.6017723,2.86339854,2.380451228
Myo5b,6.086353251,3.258375414,6.629486006,8.603144442,4.453032839,4.219435225
Myo6,32.51952481,21.85369655,40.60341496,56.57324936,48.42659357,51.02522115
Myrip,0.437762864,0.498918896,1.141953769,2.49205478,0.728980791,0.383096105
Naga,39.84295202,22.88195049,44.48383926,67.67515805,64.61655645,62.81392331
Naglu,3.557024379,7.357451294,13.39979089,20.32987138,18.151327,17.10898423
Nat8l,1.001113908,1.565589285,4.261670359,9.039443294,4.22633833,1.992674112
Neil2,33.12033949,36.1354526,45.4352167,87.78417051,79.79746696,75.64119012
Nell2,4.022997031,5.384447654,5.179698324,9.038153581,9.037085562,6.248435836
Nemp2,34.84130144,38.85585654,55.79318407,81.00844147,66.62145927,55.0437562
Neo1,60.04707976,70.99500615,96.34822569,149.5069139,128.6338625,143.5628053
Neurl2,0.691641155,0.612957917,1.166469293,1.836615856,1.355803715,1.36097927
Nfatc1,1.589061156,0.988759384,2.547832921,4.791007617,2.258794938,0.993368292
Nfe2l1,191.6083977,202.1893451,329.5554424,425.1097055,312.9573776,304.1211131
Nhlrc3,16.29096711,19.75686063,34.52599937,50.93206005,41.16397681,37.46579516
Nktr,123.419326,110.402191,133.0972234,229.8677396,165.0555234,196.332178
Nmnat3,1.936170187,1.532315717,4.154016706,6.040301062,4.35801399,2.44990274
Nnt,33.6481442,24.65909813,34.17822443,67.95483255,62.15262277,56.03970226
Notch2,10.76352332,18.77876514,22.4131116,30.6879839,15.50066963,17.08349531
Npc1l1,1.535132837,0.369355721,1.425064897,2.452935244,2.418672038,1.301996177
Npnt,14.97058372,8.383201986,12.60567429,18.65700566,15.56698698,16.31922222
Npr2,1.180200597,0.924692269,1.915585524,3.186482967,1.31329813,1.459160044
Nptx1,1.542740298,0.766756575,1.480859043,4.007090824,2.089180195,0.911036403
Nptxr,10.31638802,5.368220914,9.339364833,18.29681546,13.79595468,13.87566257
Nr3c2,0.994279242,1.128645783,2.085550268,2.906711176,1.622106164,1.441655546
Nrcam,1.733581864,1.077619894,1.784323728,3.641608924,2.479973764,1.657326195
Nrip3,7.090460303,3.476233616,8.541472225,11.86309424,6.641585624,5.694889805
Nrsn1,1.736912454,1.846891345,2.892293878,4.482858929,3.810763744,2.110794366
Nsg1,0.350296759,0.39067511,0.442484385,1.129243292,1.029125555,1.016329906
Nsmf,10.19782266,4.950452235,8.300524426,14.2715314,7.271645233,5.344913359
Ntng2,1.278407553,0.476828678,1.02884957,1.856026585,1.534341458,1.083483694
Ntrk1,6.937495678,2.4523667,5.357724724,9.802085433,5.070109768,3.728396285
Nudt10,3.237182165,4.33778627,4.965327603,7.24183277,4.323081876,3.050338586
Nup210,95.41119059,65.05134666,94.45265824,171.8038566,140.1557307,159.6894408
Nupr1l,1.715193648,1.708291822,2.51577783,3.357825072,2.073554146,1.077938205
Nxf2,0.997373714,1.057316079,1.226336467,2.880547523,1.836414683,1.162813119
Oas3,9.628792328,5.85449459,7.495172456,9.801084221,6.772113419,3.896264444
Obscn,1.068261241,0.455493435,1.215655377,4.429923593,0.981618858,0.683496938
Olfm2,5.748840667,2.582167665,4.606250204,7.437023587,4.898024437,3.438433304
Onecut2,0.987432906,0.662943054,1.441349928,4.009312477,1.752958826,2.484425826
Opa3,8.713796592,17.90759992,18.64732808,20.83718841,14.63183356,12.19400517
Optn,8.8400845,6.643468813,16.28110449,31.78091422,29.00953032,28.97028889
Orai2,1.58148713,1.385873803,2.318167666,3.696070988,2.491428733,2.322357551
Osbp2,2.313378591,1.021054702,2.802855439,4.888578324,2.560821312,2.062672184
Osbpl6,6.965318141,4.18466725,13.44038133,15.85035787,10.1245058,7.599252853
Otog,9.13725325,5.888851841,8.191266582,11.6156774,3.599281501,2.632825217
Otub2,9.560317758,9.744531184,19.5324577,27.03091062,18.11063775,11.96405564
Ovgp1,8.69922527,7.005159162,12.93463766,21.95932922,15.45541699,9.022373546
P2rx7,5.812931577,6.736544086,7.368823624,12.39715116,11.36495049,10.6264982
P2ry4,1.419660373,0.551766499,2.020190156,4.998927528,3.630981331,3.232826073
Pamr1,0.241018749,0.380442655,0.609896482,1.078514937,0.992783894,0.497535439
Paqr8,2.208506454,5.210153712,5.618160262,5.783678322,4.926797177,4.240159244
Paqr9,2.780716989,1.117613134,1.470082721,4.324326054,2.55175842,2.158663819
Parvg,1.156606782,0.662943054,1.109486315,3.039867969,1.915352819,1.537308521
Patj,19.75489303,14.9183128,20.38934422,33.22901142,30.32041038,32.75868243
Patl2,4.210422324,6.164094191,12.13813114,19.31831027,17.59996653,11.93833027
Pax9,0.593225062,0.459210914,1.250720706,1.646698006,0.661304319,0.548849029
Paxx,2.550039323,1.930649912,2.347476178,4.123038751,3.722503526,3.323078178
Pcdh9,0.107269741,0.380442655,1.03288572,1.144792419,0.32731315,0.054447137
Pcdhga4,0.181045247,0.899733436,0.694297072,1.091246522,0.855463836,0.71855707
Pcsk1,0.979222445,1.352895403,1.750282614,2.736855935,2.140520146,2.64053575
Pde3b,7.868636862,12.9269668,12.91753114,18.47593424,13.77591451,11.01190731
Pdgfb,2.485614826,3.612965127,5.009978482,10.71501334,10.70385498,8.610053372
Pdha2,0.21277071,0.315643296,1.309486681,1.534307202,0.386024608,0.167661056
Pdpn,17.72956884,17.96462085,61.35513923,115.5768,105.1281738,49.4721891
Pdxk,45.76199293,33.45804781,49.56385845,76.77156148,62.69223184,58.05806204
Pecam1,125.4965806,123.0149054,191.1543674,287.430217,275.6495406,187.7727447
Penk,3.572732928,2.281870526,3.859800158,5.426887905,4.672396285,3.129520837
Per3,44.68466864,25.28722227,30.55846321,54.61827683,34.59558435,29.38987475
Pgf,2.106959584,1.418693721,1.837887082,2.576825502,0.895633996,0.494932724
Pgr,2.806725236,2.040142579,2.538246115,5.26320414,3.131987599,3.579752723
Phc3,61.56873014,38.15679456,48.78961406,76.88371459,60.48585461,73.49793343
Phf2,9.962709862,7.800346489,11.45372764,16.53757101,15.06028418,13.56043749
Pip4p1,188.8994129,93.91063215,165.0678161,273.049174,258.2057621,249.829634
Pkdcc,2.292251665,5.113502813,5.842460187,7.77372534,5.874749293,2.566196741
Pkn1,32.28931467,21.80035316,35.29942715,64.96335117,50.03244706,51.36069352
Pknox2,0.656040862,1.961829918,2.01564435,3.505187825,3.42554092,2.457005778
Pla2g4b,2.995310964,2.201739952,4.119428045,6.083078343,3.965270915,4.033266118
Pla2g4c,1.321453417,2.051737414,2.897232463,3.292215035,1.355803715,1.301996177
Plagl2,4.805851634,12.42682839,12.05940366,13.86148936,6.748552402,5.099742881
Plat,2.521355624,1.282292464,2.634391527,4.384386897,2.254100149,1.822738409
Platr32,0.497883216,1.479056422,1.83637403,3.334086302,1.683731187,1.241428684
Plau,3.851927654,0.999281742,2.811919337,3.878542351,1.879061749,1.373194476
Plbd2,53.40050522,54.52662318,67.06808233,95.56593254,80.25431278,93.71237939
Plcd4,6.282706692,3.135486738,3.96106646,6.917176791,6.351622232,6.528469072
Plekhg4,3.780212987,1.705485786,3.409216138,4.611932723,2.308528121,0.887012005
Plekhg5,34.90068215,26.70239091,38.44325203,77.57784879,69.35824272,60.93112731
Plekhh3,5.660726866,3.659844133,7.845902429,11.48178049,6.858107085,4.983370631
Plxna2,11.62253915,7.923841222,12.34164965,19.24509656,10.78029264,10.27687056
Plxnd1,10.14911352,4.900566725,7.276187555,12.93666825,4.662143063,5.299795621
Pm20d2,3.267944923,2.109416324,4.193170847,8.747502652,6.043536284,5.41707542
Pmel,12.48628742,7.623702135,9.283712995,12.65888101,9.567075461,5.597495589
Podn,1.972944908,0.423017941,1.337803326,3.745082896,1.88224579,3.395832844
Pogk,1.901570817,2.241683362,4.518640893,8.538792647,4.420089275,3.312537359
Poln,1.504435101,1.174848238,3.045216999,5.085798866,2.730266796,2.876620664
Pou4f1,16.97859949,25.19945996,39.98175019,40.96866886,25.23755762,19.97746243
Ppfia4,216.3847524,174.6246882,231.8328752,372.434745,301.5534064,273.974347
Ppm1e,5.959939026,3.472288748,6.509492347,10.43473724,8.149771812,8.360095917
Ppm1h,5.711265414,6.952497294,9.466244008,18.01082187,17.08315059,14.68816751
Ppm1l,6.262442048,8.64496387,13.07747835,18.05956686,14.44121109,10.13374568
Ppp6r2,14.88811007,8.96186105,16.86025495,26.15448354,21.76595455,17.76349873
Prap1,0.22011998,0.054447137,0.194620273,0.916422984,0.424583142,0.605386517
Prkag2os2,1.429883685,1.120479358,2.054734939,3.007313574,2.403336508,2.141168897
Prkcb,9.680882881,4.88332589,7.615895313,13.93428692,6.185560573,3.968796796
Prkce,3.53571229,4.721683818,5.101821688,8.205146913,5.548592592,5.283064367
Prmt8,2.493320585,3.062674637,2.806011003,6.18978332,4.651418867,2.402304459
Prnp,11.15640884,13.91668187,23.72422766,25.92764199,22.77038133,19.3271157
Prom1,6.807371192,4.875675002,8.786563442,15.77452917,11.33049217,9.494122451
Prrxl1,0.297388226,0.079452753,0.944541319,2.780497537,1.610781203,1.512920083
Prss33,1.72944774,1.410187582,2.138600349,3.812331781,1.805101382,0.966571659
Prss42,15.97201478,10.91548848,15.38598644,25.82551075,15.84394765,7.76125102
Prss50,4.692848148,1.493530406,3.120269979,5.732349878,2.833592744,1.670690395
Psd2,7.406712636,3.98488533,6.293230588,8.877284588,5.021843033,4.218769823
Ptger3,0.554264166,0.351737593,0.694297072,1.67327066,0.392931112,0.330635123
Ptpn18,2.345342073,2.395386501,3.218105232,6.347808632,3.352388269,2.617647887
Ptpn20,1.314170838,1.737315272,1.785812492,3.549135172,1.985643899,0.963486705
Ptprs,222.8715094,129.7452767,235.3880068,588.1574351,446.9830851,409.7406647
Pts,8.173957018,13.95131404,17.34575201,19.12581224,11.99344862,9.895907145
Pxdn,43.47156111,21.6455769,30.14540612,50.75601921,28.24239939,25.0545435
Qrich2,1.588520905,1.299852422,2.50256834,2.675805418,1.832427305,0.935296106
Qsox2,15.91719972,34.56291118,43.42753646,51.10917802,40.20410883,37.76790152
Rab10os,51.11256671,32.92034601,54.32607324,82.81166402,73.81623556,77.44112856
Rab11fip2,3.785229341,5.638556749,7.206404338,9.080675715,6.460187825,7.668861829
Rab6b,20.78928412,14.79366487,19.12681883,28.5157945,25.28876207,28.10590928
Rapgef5,30.56070811,40.6626344,46.25120667,65.30709069,59.6164265,52.68121075
Rasd2,3.194044625,3.938445942,5.832313997,10.17030788,8.798185911,5.633129841
Rasef,0.16003549,0.516613898,0.776026301,0.982802615,0.261905503,0.136622848
Rasgef1a,0.934307523,1.23977659,3.017451667,7.45362043,7.025086574,4.089884666
Rasgef1b,2.278842846,2.76880975,4.076873919,4.544904492,2.594683499,1.976458177
Rasl10b,3.792074516,2.083134463,3.244983906,7.902390921,4.25321608,1.962847153
Rassf5,3.001160897,2.806944126,5.464182029,6.31536152,2.894841456,2.902325649
Rbakdn,1.978655797,0.816685254,2.509460758,5.354337283,2.580951728,1.743160955
Rbm20,4.144975283,3.906425727,6.117143485,9.832150629,7.611424915,7.661619656
Rbm46,1.384783624,0.677649773,1.661220156,2.698600662,1.845526038,1.128241187
Rccd1,11.09098101,19.90449247,19.68768906,27.47223296,19.45796887,17.89006324
Rdh5,0.603263389,0.881488497,1.422362522,2.224998567,1.892846313,2.072631073
Reck,15.05453151,7.086144494,14.00437241,23.67929867,13.92633251,11.17812366
Retn,0.353758117,0.269276808,0.329513659,1.090319808,1.074602019,0.443730478
Retreg2,41.48658113,35.73539464,53.63117662,76.15138434,71.01311799,62.53227783
Rgl3,4.118355565,1.857871463,3.362899785,8.393504019,4.76850146,3.082125272
Rgmb,4.376884601,6.503213705,8.762697082,9.053892703,6.123151429,3.900281005
Rgs16,9.738337129,4.836664531,11.6411813,12.1488285,4.559616445,7.721447021
Rgs4,0.054447137,0.104490772,0.415241108,0.528049579,0.146996334,0.111018105
Rgs7bp,0.23740859,0.60625277,0.412675792,1.629803968,0.566538692,0.408589645
Rhob,4.4728905,9.851715645,11.52091447,12.28450801,5.065873799,3.459508583
Rims4,5.456201862,3.180411082,4.629604358,6.780890065,2.986942761,1.286651175
Rnasek,0.708897726,0.272992789,0.635862193,1.540993964,0.99724299,1.511913076
Rnf130,9.085831886,10.15843368,14.20301784,25.04081135,20.96775007,21.28467812
Rnf144a,15.94199794,8.93193843,15.17480566,22.73705199,15.4683489,16.04671506
Rnf24,7.69176707,12.10297001,16.12795656,23.92046268,16.31048322,18.67592154
Rnf43,2.455074386,2.535999475,2.848813565,7.805627644,6.790090364,5.011777501
Rorc,0.241018749,0.240555892,0.446389534,1.370962006,0.383706541,0.166257073
Rph3al,3.440046547,1.600843154,3.011567599,4.308331526,3.944248479,2.82222043
Rragc,29.16503166,21.82342189,33.88896027,56.51364296,54.5005777,52.70446851
Rsph10b,0.673527761,0.423017941,1.280602184,1.871591948,1.825424732,0.765589087
Rtn4r,1.670011592,1.701119814,3.902920703,4.320055677,2.779597392,2.110013694
Rubcnl,1.95864216,0.702546324,2.343897383,4.177502581,2.182167856,1.410991151
S1pr1,0.726749352,0.351737593,0.953684347,1.511145343,1.509106406,1.051141572
Samd12,3.374304035,4.683838677,5.560161039,7.292093357,7.158835734,5.810629761
Satb1,10.80971517,9.290035285,13.82786979,19.70410767,15.57579905,12.84114282
Scarf2,0.849084363,0.863683966,2.134694717,2.90478377,1.866069196,1.244993775
Scel,1.130933925,1.443000453,2.504735967,4.301518681,2.51133127,1.129587393
Scmh1,16.47104215,10.45599504,14.12073687,18.99041617,17.81485288,18.83842003
Scn1b,13.90469693,6.364766233,11.37470349,14.59599235,11.65005963,14.35147055
Scn5a,0.550502233,0.802740474,1.003023121,2.181772075,0.812445565,0.657826071
Scn8a,15.43584707,13.90567588,18.40263965,33.16941094,28.06883639,31.01730395
Scnn1a,8.77020928,5.045011584,12.56854114,23.92853551,17.96015156,10.3641688
Scpep1os,0.561420914,0.820243829,0.839551456,1.895265098,1.274620921,1.295191623
Scrn1,16.88956376,9.318952098,18.83887253,28.18815177,23.05746313,21.00017008
Scube1,1.750207769,1.035092476,1.727353265,2.492385233,0.990391498,0.714302259
Scube3,8.640564683,7.379515994,16.49595816,47.92504963,45.76501949,44.80113387
Sec16a,44.45660692,64.49109554,66.58685794,101.257777,74.64104876,95.65586256
Sel1l3,0.82170122,0.555512728,0.834199168,2.099712304,0.870952088,1.269623381
Senp5,19.06576441,30.150832,28.34482875,42.39836497,36.70864943,34.14602278
Sept3,26.28245383,12.62678082,18.79168045,38.49455564,20.21286315,14.43562575
Serac1,25.6080818,23.93337169,34.09232567,48.84227753,38.24118919,41.46727244
Serpinf1,0.483988991,0.480404281,1.34186569,1.999666849,1.962483658,1.164311525
Serpinh1,113.5199135,75.15977836,116.8196069,159.1531274,150.8548199,152.0576308
Sertad4,4.033894603,2.829464787,3.099122828,5.260976706,1.594920305,1.188636104
Setd7,17.0315505,15.90440905,22.06216622,32.72055036,26.84163415,27.48953182
Sez6,1.72933448,1.095556696,2.222822837,4.184085898,2.482598101,3.772714038
Sfi1,47.19269818,81.359219,96.2295749,120.0089051,96.33400285,97.11048793
Sfrp2,11.81431254,7.82579312,10.80451001,17.37446947,11.83458101,8.418398675
Sfrp4,8.206128228,5.808705139,7.161367334,13.6043949,11.66289595,9.003536275
Sfxn5,4.560561063,5.054905341,6.578515576,10.73835945,7.767916616,6.229042314
Sgip1,0.860253263,0.36200401,1.025086558,1.995326715,1.525375654,0.749584738
Sh2d5,13.51362723,6.146328927,10.54793666,14.42377994,7.640920091,5.164704247
Sh3rf3,1.898798193,1.783108022,2.738602857,4.041345603,2.100357084,1.484857451
Shank3,21.74883227,14.24954413,22.13316908,34.27351327,17.12610973,15.48830677
Shc2,4.628594345,5.402226583,6.693033326,10.340609,8.62948507,8.872081853
Shcbp1l,3.560269314,6.25288153,9.185294234,10.76834757,7.214256546,7.301723165
She,3.418882971,5.483640432,4.773345897,8.043053785,6.145335404,5.505629754
Shisa2,3.168626432,9.677187999,9.349240593,12.92718084,8.532029224,7.592539515
Shisa7,2.715180542,4.008746876,3.551817066,6.59624761,4.842205439,5.134196899
Shoc1,5.362172404,5.989727711,11.07349604,13.44708791,10.05102721,12.2761154
Sil1,37.36202589,20.97838864,35.0735582,42.8448503,41.18519345,40.36416435
Six1,0.961941575,1.249724569,1.784323728,2.399485302,1.367632527,0.59862181
Skap1,0.539675739,0.867457166,1.141953769,1.889657888,0.510147844,0.469350973
Slc12a7,109.4252284,98.46934467,159.8438575,236.8047404,204.6033298,187.2071534
Slc16a10,8.509066596,7.906979412,17.77474594,22.88565166,16.46079002,11.17861534
Slc16a14,1.173277789,2.80738804,3.22969887,4.251396233,2.419458326,1.685707258
Slc16a9,1.198657572,2.818044771,3.866892475,6.720620093,5.225265145,5.582704865
Slc17a5,13.76565052,13.78970314,26.59578231,34.15737279,27.95453366,26.47345173
Slc19a3,1.750950843,3.102045609,6.270038959,7.002398587,5.615267932,2.802020235
Slc1a1,8.907372946,7.228685005,13.97217543,18.21704907,14.80597433,17.16752512
Slc1a5,194.6536309,292.549757,424.2616398,429.2761113,369.7425801,352.4642274
Slc20a2,42.30797066,67.84416491,93.16138597,137.9630985,131.9834066,111.3189357
Slc22a21,3.798897028,2.632141361,3.758021208,6.841875239,5.016571448,4.609812926
Slc22a23,2.334881004,2.427940767,3.737236893,5.374045977,4.035298637,3.181942122
Slc24a4,0.054447137,0.054447137,0.108953028,0.656111301,0.203328242,0.388569166
Slc25a23,41.93181307,23.94530427,40.14472777,58.59095527,37.12692963,32.18253546
Slc25a24,3.050042014,2.832448855,4.266368746,6.632485627,5.656743565,4.599072878
Slc25a36,556.7714222,303.943315,570.3097802,971.5460877,839.1973201,939.6841425
Slc30a2,17.49810358,12.75217,18.15482811,29.29371975,24.83033968,19.56262509
Slc35a5,3.056256113,7.378986701,8.571066052,9.089027308,5.870233254,4.228270123
Slc36a1,25.67999232,20.8084869,23.57890001,39.88632713,35.72712292,36.50447399
Slc36a4,2.052917207,3.751131752,4.657382895,6.149975262,3.04165723,2.349646152
Slc37a2,3.543030221,4.93272093,6.916463999,7.315399865,6.937864926,6.200090252
Slc38a7,20.09690246,42.28886944,53.58448253,74.9696245,71.24079844,70.04689758
Slc38a9,14.07092866,19.85029745,30.76303046,35.04668507,27.32534366,23.91231999
Slc39a8,7.611367632,8.580184464,12.47812366,18.93888644,15.44561702,14.10402134
Slc43a1,4.346970704,4.701431694,9.718256728,10.67398543,9.274772496,7.435109644
Slc43a2,10.07290879,11.3995287,15.82004018,23.62059184,22.25238148,21.46006457
Slc47a1,6.535851088,5.82019805,8.867421433,10.99311023,7.624310723,4.696421001
Slc6a7,2.398000506,3.025532851,4.467285939,7.211940689,5.431757246,6.422636111
Slc6a9,1.265726126,2.485516764,4.65581798,5.799580698,5.100304079,5.298230038
Slc7a2,1.839060867,1.529671508,2.8561666,5.900128488,2.989609089,2.864496084
Slc9a7,0.557728393,0.999863169,1.395069179,2.473659085,1.466717902,0.987977906
Slc9a8,19.84254318,33.584569,44.8021239,58.12825663,44.48894906,47.82306266
Slco3a1,2.257201894,2.187353196,2.312786,5.232045571,3.532454132,3.899957344
Slfn5,0.262005119,0.133206271,0.808473659,1.20017973,0.144694669,0.303658278
Slit2,5.791214917,4.240793458,8.440227086,13.02964026,10.36521147,7.442907264
Slitrk4,2.000192184,1.475955688,1.867414169,2.791500592,1.342921783,0.827533091
Smc1b,16.68381582,17.74594909,21.94197718,25.3308288,18.02380823,10.50076636
Smco4,4.488787922,2.146190431,3.795985956,6.8733009,5.88953133,3.592697696
Smcr8,11.71237441,31.45074269,32.90388874,41.75060932,36.83303692,37.86100284
Smim38,2.384041694,1.243395529,2.153473039,4.075680223,2.459669726,1.495852165
Smoc1,7.33149557,6.273771702,7.157081796,9.087040011,5.47818332,3.766138415
Smpdl3a,1.067594293,0.763719842,1.601358429,3.530191319,2.120363915,1.87632855
Snap91,4.503956098,6.67021482,7.327469583,11.07836967,6.485203424,5.240575849
Snx32,4.026849406,4.510074686,5.020886462,10.01981451,7.539218412,6.48672564
Snx8,44.91352274,24.53961439,40.87008131,83.26542443,76.2762433,71.6396217
Soat2,3.234089294,3.61261249,3.84310141,7.096353989,6.861143843,6.395426947
Sobp,1.929463793,1.732970752,1.720871262,3.750768427,2.675042368,2.64554924
Sohlh1,0.550502233,0.140506311,0.441199286,2.18245679,1.055825539,0.715803062
Sorcs2,10.05350372,7.2708244,9.520699314,15.71409535,13.77100306,15.61049135
Sord,47.74262832,40.94916362,81.80168014,118.1112944,93.68252273,64.48328694
Sowaha,1.466530146,0.974845149,1.759331129,2.918692792,1.295004392,0.986637186
Sox3,2.23566473,3.861239812,7.29136783,8.844920554,5.787895621,3.486521193
Sox4,7.349903701,18.45895849,18.32196771,18.61905596,11.69677469,6.233699978
Sox6,0.546882439,0.552558688,1.005470808,2.181772075,1.189305171,0.800729148
Sp3os,2.021497628,1.769638935,3.547580072,3.54781655,2.601093839,1.29323541
Spag16,3.32394614,2.531152957,5.921930447,6.239173213,3.931364938,2.464867115
Spata31d1b,1.299491683,3.851393985,3.464828385,4.170060302,2.650811939,2.751689553
Sptbn5,1.279559012,0.921100688,1.445692319,2.301509834,1.428275685,0.634925195
Srd5a3,4.953248885,9.483036083,10.39589816,11.03141409,8.116451856,6.899798122
Srgap3,7.806356819,5.632386641,6.796754923,9.542878544,4.921548415,3.574594667
Sspn,0.395716248,0.351737593,0.946040142,2.75630058,1.372120065,0.935296106
Star,2.122628778,3.73110242,4.67758057,6.093513673,4.287989408,2.326947571
Stat3,113.2782136,87.0138646,124.247062,182.9116453,176.2177156,161.4839874
Stom,47.48109711,28.46839426,47.24216312,56.39376574,55.39367724,54.06436411
Sult6b1,14.52314315,29.94845072,24.00935996,34.23331522,31.92278561,22.17505899
Susd1,13.240313,8.716570003,11.611876,28.20093054,21.27431351,17.81353918
Susd6,82.47938518,66.46883058,108.9955865,154.4527963,151.3040828,127.5151665
Sv2a,31.39525026,14.68325745,22.42126687,40.46894594,26.33802951,17.8486706
Sycp3,5.59642003,4.351040952,7.904792646,13.13504306,8.815657939,7.324198176
Syt17,5.838430559,4.121555401,6.360555785,7.529229141,5.419243972,7.183511889
Syt4,0.550502233,2.062729219,1.832399284,2.815263034,1.146365857,0.715803062
Tab1,6.2005649,14.7922353,14.29552554,18.33728341,17.07651629,14.74957994
Tada2b,4.15403866,9.155474276,9.839096783,10.26645542,5.779763147,5.266578633
Taf7l,5.615936715,8.56933546,8.78779,13.37172541,8.829743126,8.914585602
Taf9b,5.568928067,4.437963476,7.824718577,13.69402273,8.009992018,6.378579043
Tbata,0.262005119,0.108168252,0.386609059,0.737804483,0.715859711,0.692992764
Tbc1d8,34.56456519,18.3082133,28.70837284,40.63373667,37.95137281,34.44199496
Tbx1,0.181045247,0.2155205,0.555392111,1.172016502,1.092043475,0.722623248
Tbx18,0.233824978,0.108168252,0.58646818,1.03275795,0.571078937,0.304955745
Tbx2,0.30753189,0.286972197,1.475648412,2.559313774,1.466307827,1.075496716
Tbx3os1,2.55953066,1.801601085,2.566747452,4.156910703,3.736134231,2.670859967
Tc2n,2.746748799,3.366151612,4.079931801,5.011810335,3.086175959,1.514448071
Tceal3,2.310031412,1.171380191,1.612991744,3.378009511,1.421159413,0.962239229
Tcn2,33.09227832,19.02555007,31.09869654,54.36126104,51.1634603,41.0428375
Tdrd9,2.421826683,1.868670717,3.363843339,6.660948461,2.770452969,1.917628442
Tdrkh,7.055291968,7.856654125,9.23791499,11.78244686,8.514315805,4.140878078
Tent5a,3.461928937,2.424411549,3.945201137,6.021120783,4.230537034,3.884100706
Tesc,3.368798002,2.577775579,4.595988263,6.797643287,5.867454854,4.591032887
Tex26,0.933782438,0.727628761,1.809554576,4.277325326,3.183559481,1.988869476
Thap2,2.172933589,5.334421481,9.451630055,10.87685441,7.787314584,3.791769426
Thsd4,0.758249237,0.662943054,0.864318305,2.279028712,1.301899976,1.068637444
Tm6sf1,5.262416175,4.031320924,6.249087941,10.81927017,6.655380655,6.074688498
Tmc3,1.272186746,1.428831441,2.485436752,3.975645855,1.649558719,1.755565308
Tmeff2,0.719914656,0.726847468,1.693297811,1.890769249,1.179824985,0.497535439
Tmem131l,42.06743008,32.52703174,40.88037895,58.87418025,54.08235328,55.85059633
Tmem132b,0.431274237,0.380442655,0.500801884,1.483036547,1.013446833,0.139334588
Tmem150a,5.73510667,5.890886501,8.736902412,15.92549077,12.82220848,12.48355552
Tmem151a,4.724869105,2.645663659,5.775059029,12.86975309,10.23986727,12.58134406
Tmem179,4.488787922,4.836460949,5.764801954,10.1374411,8.089434788,8.347493468
Tmem191c,16.3217628,12.49094248,19.42871322,36.09308843,32.23152629,21.31492554
Tmem199,24.27038534,30.10086885,36.00988061,47.4399996,47.37520103,41.35233874
Tmem28,2.55071756,3.495365952,3.776035676,6.618117384,3.447549916,2.27147035
Tmem30b,6.295004635,11.55406897,12.67907318,15.1511444,10.72090554,9.560286545
Tmem44,13.47264934,9.346512104,12.45630618,20.29732042,15.10103992,15.50337578
Tmem82,1.578440728,2.9534355,4.536133073,5.298685942,4.620062825,3.567206396
Tmem86a,10.70117674,5.938664887,12.21484086,12.93836365,10.88859854,10.80680442
Tmem8b,15.44962683,6.30584332,12.24482421,16.51952338,11.93135355,14.76559651
Tmem94,45.24687885,33.28878451,46.97110726,74.33871962,63.05918504,72.95267162
Tmem98,4.101093581,5.866674347,7.740354585,10.72327498,8.963329032,8.059695577
Tmprss9,1.858586417,0.999863169,1.362369883,1.859625967,0.392931112,0.251109525
Tnfrsf13c,5.894132943,6.316820952,7.342590876,10.35380194,6.103775595,2.884575469
Tnfrsf1b,15.32987855,13.38541633,25.18538086,39.4000512,39.01194061,32.22172159
Tnfsf13os,0.663482018,0.885050673,0.801836705,1.926097374,1.058509823,1.854405809
Tnnt2,4.95339958,2.036883545,4.931643087,8.295912937,4.909394282,2.685610304
Tnrc6c,36.378851,63.29565915,61.87065189,82.74343043,71.89201635,78.63003897
Tnxb,1.518115299,0.684351449,0.947267544,2.625121995,0.816928299,0.680678198
Tollip,67.81904724,38.83020792,65.02145164,91.96969061,85.59823525,86.73812504
Tomt,0.885112951,0.473883503,1.191254013,2.166957506,1.221030011,1.598217524
Trak1,150.4371408,94.07082461,200.0222918,363.8051563,350.9257933,315.1791026
Trank1,6.962566746,3.944383032,6.658170084,15.4807193,10.20161737,9.624139076
Trf,26.97723957,15.81457993,24.04048678,48.5392025,39.24819622,34.18105709
Trib3,10.76607802,36.69458019,71.56353923,81.34610628,49.75411848,25.01279466
Trim3,38.52964585,19.89816052,26.68861002,41.58588935,33.80833604,36.17948978
Trim40,3.960639042,2.109416324,3.758021208,4.045713627,3.715884828,2.817420913
Trim52,82.15913147,55.91493924,118.2862546,130.1330734,70.66899784,49.54891242
Trim62,2.394303661,1.464840384,2.529807517,3.175606364,1.112364543,0.91525547
Trim63,18.83139859,10.48755256,15.85885379,36.69472499,33.33274152,20.42157427
Trim66,5.40237896,2.896487296,8.425283386,20.31806893,10.18263407,9.273489356
Trmt9b,0.905524129,2.092405639,2.12154272,2.430794758,1.209283776,0.887012005
Trp73,7.472928298,3.15469403,5.6224132,12.35663617,10.12745393,6.897150017
Trpc1,2.486517644,3.676305358,5.128593274,6.304644255,3.244726334,1.965618487
Trpc3,0.462242309,0.319271163,0.550081972,1.401325506,0.758411139,0.249863421
Trpm1,6.565804399,10.36888948,34.61518207,58.43210363,54.34937983,36.18379185
Trpm7,65.64272214,120.1463831,99.79785707,131.5255814,127.1304277,115.2365874
Tsc1,64.20318066,48.80827502,75.49903134,139.0377694,119.177805,125.0211244
Tsc22d3,10.17435422,5.520626366,12.40011689,18.02663948,16.06775879,10.5934467
Tshz3,0.525982455,0.688069631,1.078425576,2.053359702,0.963585612,0.655147794
Tspan7,63.02762827,36.15574086,52.69353825,80.7384133,64.84088888,61.5191766
Tspo2,7.521369854,3.899131561,7.500657062,14.22916978,12.12202291,10.4231927
Tspoap1,4.115768639,2.439100198,2.564185759,4.547356376,2.037528614,0.967701916
Tspyl5,0.952617387,2.653641181,2.885825287,2.898857341,1.88224579,1.122510998
Ttc12,8.643081911,7.594826366,12.58224726,17.70406397,15.38151389,14.18906894
Ttc7,9.087864678,11.27489377,17.04199326,23.36297075,21.84768405,18.82486052
Ttl,6.941327041,14.54046384,15.16844602,15.38090243,9.677951422,9.076012338
Tulp4,13.91828858,12.3768819,18.42375322,27.18580204,21.82541123,19.87048539
Twist1,5.162972051,3.132321251,4.885087723,8.381019355,8.10511111,6.980685834
Txndc16,17.42905829,12.98732188,21.0040314,27.35520321,21.54827377,15.83123278
Uap1l1,23.00142791,24.38115442,44.71464279,77.20839066,69.43155101,68.88090022
Ubap1l,2.017502751,4.477921122,19.98411094,50.00735493,37.99273115,31.84381658
Ube2ql1,1.532257251,0.691609836,1.810515593,3.574508094,2.035555723,1.129587393
Ubn1,29.02892023,44.38340967,60.82539855,84.62632764,76.10177068,67.46710194
Uggt2,1.811237472,1.96992203,3.323769462,6.786234434,4.387791846,3.21329956
Unc5a,7.290842555,2.746607374,4.739077111,9.497715933,4.952057521,3.958861366
Unc5b,46.68977261,26.80874503,38.10241223,51.18487455,33.86234946,46.39626373
Unc80,0.431274237,1.199998076,1.418780612,2.056328615,1.311258971,1.478349247
Uncx,0.564404914,0.244241415,1.450632627,2.283344162,1.559339159,0.469350973
Usp11,68.41389078,68.5536647,105.0894953,136.3385662,135.7625119,135.5330398
Usp51,2.809891755,4.402247559,5.158796928,6.914393699,4.685882931,3.799486382
Uvrag,31.02204466,23.49499923,39.19669742,55.45323101,46.85210411,46.78638907
Vasn,11.10919368,8.574698969,13.92686236,20.8322205,10.97008168,12.81082471
Vav3,1.117282874,1.550792373,2.00746855,3.312176569,2.518095803,2.402304459
Vax2os,1.670011592,3.310705145,4.175235524,5.940654946,5.355393061,2.321744798
Vgll4,12.79723779,14.92010924,18.72059581,24.43709494,13.76212913,9.454317444
Vldlr,3.281400969,7.696155104,11.11143474,14.70470653,10.5108965,6.632986236
Vps18,12.52591302,20.44919278,23.43980897,28.23009122,25.04454525,24.08369615
Wdfy3,29.450426,46.90421412,47.39525951,64.52757306,53.41121638,57.47514361
Wdfy4,0.906161774,0.376703814,0.615041628,1.878232004,0.598099294,0.520499885
Wdr25,6.051040873,9.726638858,11.52480841,15.66691705,15.44989405,9.502382075
Wdr62,31.7315503,27.08018256,37.84619064,68.30604486,51.23088048,54.55504531
Whrn,84.84757868,40.0484762,57.23391372,91.57596035,76.41234893,84.83143575
Wnk2,21.54601302,10.40732421,17.61340539,25.89178844,12.32278637,12.7745333
Wnt9b,0.054447137,0.136840827,0.477492443,0.53196403,0.174025427,0.054447137
Wsb1,47.09247072,89.94933272,110.8269979,123.4450646,92.67073667,95.07121713
Wscd1,3.53144502,3.778875151,7.787805942,12.0206542,8.9848334,7.349441498
Xist,1.478404352,7.324934683,7.170335747,8.874977549,5.476562649,5.274979765
Ybx2,50.04063085,26.62213642,45.19888126,73.82761874,60.20585804,57.38426379
Yjefn3,2.475871991,3.649066103,3.811630974,4.910644792,4.88452196,2.848341004
Yod1,25.13472796,19.99320387,25.34486593,37.2088234,31.96091867,34.46359715
Zbtb1,8.334235727,19.43158689,16.84947553,21.13476014,20.94471928,15.29742157
Zbtb10,18.15575301,16.14713257,30.67160937,33.68420504,27.54186685,29.51514796
Zbtb14,6.628478006,15.44152535,19.26110559,20.14736826,17.75311155,11.76845789
Zbtb18,19.40814201,32.75038739,44.64759265,59.66303429,47.3308203,33.66105909
Zbtb20,5.283547878,4.61391966,8.257421714,13.19134253,12.11107695,12.76256234
Zbtb6,5.045978206,12.57559896,10.73330282,14.64118125,12.95602826,12.58417043
Zbtb7a,9.138621251,33.62398947,34.51277493,47.34232225,42.73277336,42.8193701
Zc3h6,8.77020928,9.600223062,22.14688811,33.9143133,24.4784071,15.87782453
Zcchc2,24.04327873,30.63452511,39.81294146,55.48785611,42.93991128,42.91402708
Zcchc24,8.59384846,20.11581739,22.39574624,24.97510953,15.33467141,13.14064593
Zdhhc2,8.318945133,8.510443234,12.87082024,16.90820402,15.30918882,16.51408342
Zfp180,14.1778136,25.76050054,25.50968725,35.9547952,28.06691045,23.77044166
Zfp202,3.477834989,8.99149956,9.574631316,11.99244452,9.690533615,9.477219015
Zfp26,16.65184546,31.63939441,26.85198787,38.90918524,29.64878851,32.02821957
Zfp273,1.715193648,3.504282183,3.366273194,4.021107145,3.21076049,1.855332352
Zfp316,2.457122441,2.986063768,4.552498469,5.584559579,3.050642049,3.436339066
Zfp319,1.507885094,3.514732831,2.421523577,3.61764265,1.610781203,1.131823822
Zfp358,1.539294975,3.764246774,3.890811396,4.067632901,3.559572168,2.868214328
Zfp362,1.886803114,2.114012301,3.150641583,3.859580484,2.985509285,3.616848642
Zfp36l3,1.602890026,0.494333847,0.89152976,2.440907848,1.194057012,0.57720205
Zfp408,2.831210662,7.877020777,7.161549145,10.81009358,7.172875625,7.064336921
Zfp493,3.940204949,7.254124896,7.203920238,9.427439829,5.00793764,3.386559445
Zfp503,0.367585628,0.613600624,1.83637403,1.906899074,0.756061822,0.745402518
Zfp507,12.65646479,29.33797815,32.65201585,35.81654936,24.74461192,19.55806025
Zfp563,3.169507006,4.687628102,5.524536309,7.053176856,4.620062825,3.176156092
Zfp629,0.20922845,0.526807666,0.869376667,1.440050926,1.128332889,0.741213597
Zfp651,0.627827473,2.360252738,2.527655162,3.843670743,2.566839133,1.402902715
Zfp652,77.56488809,73.96455048,101.0905441,171.6215111,129.3071713,102.077387
Zfp655,53.93044647,64.10848935,99.11435938,130.3357205,103.6327845,112.5633046
Zfp68,6.249286086,10.51829614,13.37239707,17.51378504,13.67618893,9.686778695
Zfp697,0.163633084,0.634206852,1.009940356,1.156327375,0.446882545,0.222900802
Zfp704,30.22768017,45.17394504,43.39819582,68.8683007,66.52040173,68.18208967
Zfp711,2.060115146,2.133617173,2.557921112,5.039496503,3.100480365,2.667071626
Zfp729a,8.899753919,12.75880124,14.20301784,19.46241201,19.09427511,19.20000334
Zfp747,1.567899801,5.178286024,3.320078551,5.638514297,3.92295654,2.409773907
Zfp781,1.532257251,3.186173093,3.396460457,4.099162285,2.730266796,2.195506226
Zfp839,5.27905465,14.42476775,16.13954178,17.34112661,13.24820822,12.28116049
Zfp90,2.102418544,5.218396582,6.149180704,7.07439153,3.176818529,2.23800421
Zfr2,3.09558945,2.933239936,5.492657163,9.41266175,6.53374396,5.227381558
Zhx2,0.367585628,0.741754433,0.605925476,2.150498057,1.847556663,1.218050652
Zic1,0.07905604,0.054447137,0.557927021,1.141275175,0.478587242,0.387192991
Zkscan2,5.083186718,5.687924336,8.800144941,13.76166632,7.72463905,7.775083217
Zmym6,25.08757727,37.4094048,48.79657623,71.41488165,52.2749594,53.01574666
Zmynd15,12.38747664,9.910874848,13.4542156,25.60889088,17.8568966,15.3505865
Zscan26,8.813154716,27.91854457,25.69091188,29.65613036,27.56188686,26.89029445
Zswim8,34.71125973,28.85022137,34.29430279,60.76496018,46.07957426,58.9462899
Zxdb,1.215536132,1.178777517,1.957636505,4.105393763,3.631733847,3.49932946
Zxdc,21.47415065,19.44228081,28.32368226,38.35918296,32.20968654,37.79011312
